source,id,description,severity,action
suricata,10.128.0.207,Заблокирован: 314744 алертов,high,blocked
suricata,10.128.0.205,Заблокирован: 141241 алертов,high,blocked
suricata,10.192.0.159,Заблокирован: 104674 алертов,high,blocked
suricata,10.192.19.6,Заблокирован: 96878 алертов,high,blocked
suricata,10.128.0.221,Заблокирован: 90679 алертов,high,blocked
suricata,10.10.1.9,Заблокирован: 66750 алертов,high,blocked
suricata,10.128.0.241,Заблокирован: 62855 алертов,high,blocked
suricata,10.192.0.101,Заблокирован: 58673 алертов,high,blocked
suricata,10.192.0.83,Заблокирован: 48958 алертов,high,blocked
suricata,10.192.88.88,Заблокирован: 47465 алертов,high,blocked
suricata,10.241.111.81,Заблокирован: 46868 алертов,high,blocked
suricata,10.240.105.57,Заблокирован: 44055 алертов,high,blocked
suricata,10.244.217.243,Заблокирован: 41979 алертов,high,blocked
suricata,10.10.3.80,Заблокирован: 41049 алертов,high,blocked
suricata,10.10.4.9,Заблокирован: 35749 алертов,high,blocked
suricata,10.164.94.120,Заблокирован: 33916 алертов,high,blocked
suricata,10.172.152.13,Заблокирован: 28110 алертов,high,blocked
suricata,10.128.0.238,Заблокирован: 25201 алертов,high,blocked
suricata,10.10.2.9,Заблокирован: 16835 алертов,high,blocked
suricata,10.192.91.91,Заблокирован: 16358 алертов,high,blocked
suricata,10.10.8.9,Заблокирован: 14504 алертов,high,blocked
suricata,10.218.198.194,Заблокирован: 14477 алертов,high,blocked
suricata,10.128.0.215,Заблокирован: 13407 алертов,high,blocked
suricata,10.10.3.9,Заблокирован: 12531 алертов,high,blocked
suricata,10.10.5.9,Заблокирован: 12301 алертов,high,blocked
suricata,10.47.3.200,Заблокирован: 12294 алертов,high,blocked
suricata,10.47.8.200,Заблокирован: 12208 алертов,high,blocked
suricata,172.16.31.14,Заблокирован: 10334 алертов,high,blocked
suricata,172.16.34.14,Заблокирован: 10181 алертов,high,blocked
suricata,10.192.5.200,Заблокирован: 9410 алертов,high,blocked
suricata,172.16.38.14,Заблокирован: 8525 алертов,high,blocked
suricata,172.16.35.14,Заблокирован: 8092 алертов,high,blocked
suricata,10.255.255.69,Заблокирован: 7892 алертов,high,blocked
suricata,172.16.23.74,Заблокирован: 6948 алертов,high,blocked
suricata,10.47.3.100,Заблокирован: 6622 алертов,high,blocked
suricata,10.128.0.19,Заблокирован: 6610 алертов,high,blocked
suricata,10.174.251.215,Заблокирован: 6107 алертов,high,blocked
suricata,10.10.8.10,Заблокирован: 6038 алертов,high,blocked
suricata,10.10.8.168,Заблокирован: 5823 алертов,high,blocked
suricata,10.128.0.223,Заблокирован: 5659 алертов,high,blocked
suricata,10.10.1.10,Заблокирован: 5614 алертов,high,blocked
suricata,10.10.2.10,Заблокирован: 5432 алертов,high,blocked
suricata,10.227.37.30,Заблокирован: 5349 алертов,high,blocked
suricata,10.130.231.201,Заблокирован: 5231 алертов,high,blocked
suricata,10.177.225.71,Заблокирован: 5173 алертов,high,blocked
suricata,10.199.194.15,Заблокирован: 5152 алертов,high,blocked
suricata,10.130.205.86,Заблокирован: 4960 алертов,high,blocked
suricata,10.10.4.6,Заблокирован: 4816 алертов,high,blocked
suricata,10.47.8.100,Заблокирован: 4778 алертов,high,blocked
suricata,10.175.154.194,Заблокирован: 4612 алертов,high,blocked
suricata,10.128.0.247,Заблокирован: 4452 алертов,high,blocked
suricata,10.10.3.6,Заблокирован: 4325 алертов,high,blocked
suricata,10.47.4.200,Заблокирован: 4100 алертов,high,blocked
suricata,10.10.1.107,Заблокирован: 4077 алертов,high,blocked
suricata,10.47.5.154,Заблокирован: 3801 алертов,high,blocked
suricata,10.47.6.200,Заблокирован: 3546 алертов,high,blocked
suricata,10.10.1.6,Заблокирован: 3506 алертов,high,blocked
suricata,10.47.4.100,Заблокирован: 3368 алертов,high,blocked
suricata,10.10.2.6,Заблокирован: 3294 алертов,high,blocked
suricata,10.10.7.9,Заблокирован: 3287 алертов,high,blocked
suricata,10.10.8.6,Заблокирован: 3148 алертов,high,blocked
suricata,10.128.0.231,Заблокирован: 3038 алертов,high,blocked
suricata,10.47.1.208,Заблокирован: 3010 алертов,high,blocked
suricata,10.47.2.208,Заблокирован: 2937 алертов,high,blocked
suricata,10.192.192.251,Заблокирован: 2902 алертов,high,blocked
suricata,10.10.5.6,Заблокирован: 2854 алертов,high,blocked
suricata,10.47.6.208,Заблокирован: 2815 алертов,high,blocked
suricata,10.47.5.155,Заблокирован: 2652 алертов,high,blocked
suricata,10.250.250.250,Заблокирован: 2651 алертов,high,blocked
suricata,10.10.6.6,Заблокирован: 2649 алертов,high,blocked
suricata,10.163.143.94,Заблокирован: 2633 алертов,high,blocked
suricata,10.10.7.31,Заблокирован: 2498 алертов,high,blocked
suricata,10.47.5.208,Заблокирован: 2474 алертов,high,blocked
suricata,10.47.8.142,Заблокирован: 2384 алертов,high,blocked
suricata,10.192.0.227,Заблокирован: 2362 алертов,high,blocked
suricata,10.128.0.235,Заблокирован: 2249 алертов,high,blocked
suricata,146.52.78.242,Заблокирован: 2230 алертов,high,blocked
suricata,10.47.4.142,Заблокирован: 2221 алертов,high,blocked
suricata,10.47.6.100,Заблокирован: 2217 алертов,high,blocked
suricata,10.47.6.154,Заблокирован: 2179 алертов,high,blocked
suricata,10.10.6.87,Заблокирован: 2021 алертов,high,blocked
suricata,172.16.32.77,Заблокирован: 1896 алертов,high,blocked
suricata,10.10.7.6,Заблокирован: 1855 алертов,high,blocked
suricata,10.192.0.153,Заблокирован: 1837 алертов,high,blocked
suricata,10.128.0.100,Заблокирован: 1674 алертов,high,blocked
suricata,192.168.0.54,Заблокирован: 1516 алертов,high,blocked
suricata,10.47.41.32,Заблокирован: 1387 алертов,high,blocked
suricata,10.47.42.32,Заблокирован: 1339 алертов,high,blocked
suricata,54.235.163.229,Заблокирован: 1335 алертов,high,blocked
suricata,10.47.3.142,Заблокирован: 1319 алертов,high,blocked
suricata,10.47.46.32,Заблокирован: 1308 алертов,high,blocked
suricata,10.47.48.32,Заблокирован: 1239 алертов,high,blocked
suricata,10.47.44.32,Заблокирован: 1175 алертов,high,blocked
suricata,10.10.2.169,Заблокирован: 1126 алертов,high,blocked
suricata,10.192.0.6,Заблокирован: 1084 алертов,high,blocked
suricata,10.192.166.1,Заблокирован: 1068 алертов,high,blocked
suricata,10.47.4.208,Заблокирован: 1063 алертов,high,blocked
suricata,10.128.0.225,Заблокирован: 989 алертов,high,blocked
suricata,10.128.0.233,Заблокирован: 954 алертов,high,blocked
suricata,10.47.5.20,Заблокирован: 948 алертов,high,blocked
suricata,10.192.0.223,Заблокирован: 929 алертов,high,blocked
suricata,10.47.44.68,Заблокирован: 901 алертов,high,blocked
suricata,172.16.35.6,Заблокирован: 880 алертов,high,blocked
suricata,10.47.7.153,Заблокирован: 873 алертов,high,blocked
suricata,10.47.23.81,Заблокирован: 871 алертов,high,blocked
suricata,172.16.37.6,Заблокирован: 867 алертов,high,blocked
suricata,10.10.1.135,Заблокирован: 866 алертов,high,blocked
suricata,172.16.36.6,Заблокирован: 859 алертов,high,blocked
suricata,10.243.77.103,Заблокирован: 854 алертов,high,blocked
suricata,172.16.32.6,Заблокирован: 841 алертов,high,blocked
suricata,10.150.0.20,Заблокирован: 839 алертов,high,blocked
suricata,172.16.31.6,Заблокирован: 836 алертов,high,blocked
suricata,10.47.1.151,Заблокирован: 835 алертов,high,blocked
suricata,10.10.4.66,Заблокирован: 812 алертов,high,blocked
suricata,172.16.38.77,Заблокирован: 800 алертов,high,blocked
suricata,172.16.37.77,Заблокирован: 791 алертов,high,blocked
suricata,172.16.38.6,Заблокирован: 785 алертов,high,blocked
suricata,10.47.1.153,Заблокирован: 783 алертов,high,blocked
suricata,72.21.81.200,Заблокирован: 776 алертов,high,blocked
suricata,172.16.33.77,Заблокирован: 758 алертов,high,blocked
suricata,10.10.2.200,Заблокирован: 748 алертов,high,blocked
suricata,10.47.2.153,Заблокирован: 745 алертов,high,blocked
suricata,172.16.31.77,Заблокирован: 730 алертов,high,blocked
suricata,172.16.34.6,Заблокирован: 714 алертов,high,blocked
suricata,10.128.0.214,Заблокирован: 692 алертов,high,blocked
suricata,10.47.8.155,Заблокирован: 690 алертов,high,blocked
suricata,10.128.0.224,Заблокирован: 688 алертов,high,blocked
suricata,10.47.42.10,Заблокирован: 687 алертов,high,blocked
suricata,10.47.3.154,Заблокирован: 684 алертов,high,blocked
suricata,172.16.36.77,Заблокирован: 674 алертов,high,blocked
suricata,10.0.0.100,Заблокирован: 673 алертов,high,blocked
suricata,10.47.24.25,Заблокирован: 664 алертов,high,blocked
suricata,10.187.167.217,Заблокирован: 648 алертов,high,blocked
suricata,172.16.34.77,Заблокирован: 647 алертов,high,blocked
suricata,172.16.33.6,Заблокирован: 645 алертов,high,blocked
suricata,10.192.23.23,Заблокирован: 643 алертов,high,blocked
suricata,10.47.8.153,Заблокирован: 640 алертов,high,blocked
suricata,10.47.3.20,Заблокирован: 616 алертов,high,blocked
suricata,10.47.44.10,Заблокирован: 599 алертов,high,blocked
suricata,10.192.0.232,Заблокирован: 581 алертов,high,blocked
suricata,172.16.35.77,Заблокирован: 579 алертов,high,blocked
suricata,172.16.27.74,Заблокирован: 571 алертов,high,blocked
suricata,10.128.0.236,Заблокирован: 561 алертов,high,blocked
suricata,10.128.0.244,Заблокирован: 560 алертов,high,blocked
suricata,10.192.172.172,Заблокирован: 558 алертов,high,blocked
suricata,10.10.1.185,Заблокирован: 549 алертов,high,blocked
suricata,10.250.250.251,Заблокирован: 513 алертов,high,blocked
suricata,10.10.3.55,Заблокирован: 506 алертов,high,blocked
suricata,67.207.202.9,Заблокирован: 496 алертов,high,blocked
suricata,10.47.26.81,Заблокирован: 479 алертов,high,blocked
suricata,10.10.6.83,Заблокирован: 476 алертов,high,blocked
suricata,10.190.250.232,Заблокирован: 470 алертов,high,blocked
suricata,10.47.8.152,Заблокирован: 458 алертов,high,blocked
suricata,10.133.133.175,Заблокирован: 458 алертов,high,blocked
suricata,10.47.6.59,Заблокирован: 448 алертов,high,blocked
suricata,10.128.0.220,Заблокирован: 446 алертов,high,blocked
suricata,10.247.248.32,Заблокирован: 446 алертов,high,blocked
suricata,10.47.8.20,Заблокирован: 425 алертов,high,blocked
suricata,10.128.18.12,Заблокирован: 424 алертов,high,blocked
suricata,10.192.0.1,Заблокирован: 420 алертов,high,blocked
suricata,10.200.150.18,Заблокирован: 416 алертов,high,blocked
suricata,10.185.222.35,Заблокирован: 412 алертов,high,blocked
suricata,10.128.0.222,Заблокирован: 397 алертов,high,blocked
suricata,10.252.181.251,Заблокирован: 396 алертов,high,blocked
suricata,10.47.3.1,Заблокирован: 391 алертов,high,blocked
suricata,10.10.6.82,Заблокирован: 390 алертов,high,blocked
suricata,10.10.8.214,Заблокирован: 385 алертов,high,blocked
suricata,10.218.92.73,Заблокирован: 385 алертов,high,blocked
suricata,10.189.196.244,Заблокирован: 380 алертов,high,blocked
suricata,10.128.0.218,Заблокирован: 379 алертов,high,blocked
suricata,10.47.24.80,Заблокирован: 376 алертов,high,blocked
suricata,10.10.6.9,Заблокирован: 374 алертов,high,blocked
suricata,10.182.162.42,Заблокирован: 368 алертов,high,blocked
suricata,10.192.0.125,Заблокирован: 362 алертов,high,blocked
suricata,10.47.6.173,Заблокирован: 355 алертов,high,blocked
suricata,10.10.8.55,Заблокирован: 353 алертов,high,blocked
suricata,10.47.7.155,Заблокирован: 353 алертов,high,blocked
suricata,10.10.2.187,Заблокирован: 343 алертов,high,blocked
suricata,10.128.0.201,Заблокирован: 332 алертов,high,blocked
suricata,10.47.43.10,Заблокирован: 326 алертов,high,blocked
suricata,10.208.182.251,Заблокирован: 325 алертов,high,blocked
suricata,172.16.16.14,Заблокирован: 319 алертов,high,blocked
suricata,172.16.15.14,Заблокирован: 312 алертов,high,blocked
suricata,10.47.27.55,Заблокирован: 301 алертов,high,blocked
suricata,173.245.58.93,Заблокирован: 300 алертов,high,blocked
suricata,10.47.8.150,Заблокирован: 296 алертов,high,blocked
suricata,10.47.22.25,Заблокирован: 295 алертов,high,blocked
suricata,13.107.4.50,Заблокирован: 283 алертов,high,blocked
suricata,172.16.11.14,Заблокирован: 281 алертов,high,blocked
suricata,172.16.16.21,Заблокирован: 281 алертов,high,blocked
suricata,172.16.13.14,Заблокирован: 279 алертов,high,blocked
suricata,66.135.38.206,Заблокирован: 267 алертов,high,blocked
suricata,10.0.0.5,Заблокирован: 260 алертов,high,blocked
suricata,173.245.59.94,Заблокирован: 256 алертов,high,blocked
suricata,172.16.12.21,Заблокирован: 253 алертов,high,blocked
suricata,10.47.2.155,Заблокирован: 248 алертов,high,blocked
suricata,10.192.0.158,Заблокирован: 246 алертов,high,blocked
suricata,172.16.13.21,Заблокирован: 242 алертов,high,blocked
suricata,10.47.2.100,Заблокирован: 242 алертов,high,blocked
suricata,10.216.222.2,Заблокирован: 242 алертов,high,blocked
suricata,10.10.7.172,Заблокирован: 239 алертов,high,blocked
suricata,10.47.6.20,Заблокирован: 230 алертов,high,blocked
suricata,172.16.11.21,Заблокирован: 228 алертов,high,blocked
suricata,172.16.14.14,Заблокирован: 226 алертов,high,blocked
suricata,10.170.122.128,Заблокирован: 226 алертов,high,blocked
suricata,10.47.21.55,Заблокирован: 221 алертов,high,blocked
suricata,10.192.0.127,Заблокирован: 216 алертов,high,blocked
suricata,10.10.6.208,Заблокирован: 216 алертов,high,blocked
suricata,10.47.46.10,Заблокирован: 215 алертов,high,blocked
suricata,10.47.3.152,Заблокирован: 209 алертов,high,blocked
suricata,192.168.0.51,Заблокирован: 204 алертов,high,blocked
suricata,172.16.12.14,Заблокирован: 199 алертов,high,blocked
suricata,10.47.8.1,Заблокирован: 196 алертов,high,blocked
suricata,10.10.3.69,Заблокирован: 194 алертов,high,blocked
suricata,10.128.0.30,Заблокирован: 194 алертов,high,blocked
suricata,0.0.0.0,Заблокирован: 191 алертов,high,blocked
suricata,10.10.4.28,Заблокирован: 190 алертов,high,blocked
suricata,172.16.17.21,Заблокирован: 189 алертов,high,blocked
suricata,10.10.4.40,Заблокирован: 186 алертов,high,blocked
suricata,172.16.14.21,Заблокирован: 185 алертов,high,blocked
suricata,10.47.26.80,Заблокирован: 185 алертов,high,blocked
suricata,172.16.28.74,Заблокирован: 181 алертов,high,blocked
suricata,fe80:0000:0000:0000:119b:014a:4dd2:690b,Заблокирован: 181 алертов,high,blocked
suricata,10.10.7.135,Заблокирован: 177 алертов,high,blocked
suricata,10.192.76.76,Заблокирован: 177 алертов,high,blocked
suricata,172.16.15.21,Заблокирован: 175 алертов,high,blocked
suricata,10.47.4.155,Заблокирован: 169 алертов,high,blocked
suricata,fe80:0000:0000:0000:ed50:2140:65a5:21ba,Заблокирован: 168 алертов,high,blocked
suricata,10.93.1.1,Заблокирован: 168 алертов,high,blocked
suricata,10.93.8.1,Заблокирован: 168 алертов,high,blocked
suricata,10.93.3.1,Заблокирован: 168 алертов,high,blocked
suricata,10.93.2.1,Заблокирован: 168 алертов,high,blocked
suricata,10.93.6.1,Заблокирован: 168 алертов,high,blocked
suricata,10.93.4.1,Заблокирован: 168 алертов,high,blocked
suricata,10.93.5.1,Заблокирован: 168 алертов,high,blocked
suricata,10.93.7.1,Заблокирован: 168 алертов,high,blocked
suricata,10.47.48.10,Заблокирован: 166 алертов,high,blocked
suricata,10.47.2.154,Заблокирован: 165 алертов,high,blocked
suricata,10.192.0.209,Заблокирован: 161 алертов,high,blocked
suricata,10.128.0.101,Заблокирован: 161 алертов,high,blocked
suricata,192.168.0.2,Заблокирован: 160 алертов,high,blocked
suricata,60.250.33.201,Заблокирован: 160 алертов,high,blocked
suricata,10.10.1.77,Заблокирован: 157 алертов,high,blocked
suricata,10.47.22.55,Заблокирован: 157 алертов,high,blocked
suricata,172.16.18.14,Заблокирован: 156 алертов,high,blocked
suricata,fe80:0000:0000:0000:f826:d860:772e:4b07,Заблокирован: 156 алертов,high,blocked
suricata,10.47.8.208,Заблокирован: 153 алертов,high,blocked
suricata,10.47.45.32,Заблокирован: 152 алертов,high,blocked
suricata,134.71.3.17,Заблокирован: 150 алертов,high,blocked
suricata,172.16.17.14,Заблокирован: 148 алертов,high,blocked
suricata,172.16.18.21,Заблокирован: 148 алертов,high,blocked
suricata,10.47.3.208,Заблокирован: 148 алертов,high,blocked
suricata,10.47.41.34,Заблокирован: 146 алертов,high,blocked
suricata,10.130.0.10,Заблокирован: 144 алертов,high,blocked
suricata,10.10.5.158,Заблокирован: 143 алертов,high,blocked
suricata,10.47.46.34,Заблокирован: 143 алертов,high,blocked
suricata,10.10.1.2,Заблокирован: 142 алертов,high,blocked
suricata,10.10.4.2,Заблокирован: 142 алертов,high,blocked
suricata,10.47.8.251,Заблокирован: 138 алертов,high,blocked
suricata,10.47.2.58,Заблокирован: 137 алертов,high,blocked
suricata,192.168.0.53,Заблокирован: 136 алертов,high,blocked
suricata,10.47.45.30,Заблокирован: 133 алертов,high,blocked
suricata,10.47.22.82,Заблокирован: 129 алертов,high,blocked
suricata,fe80:0000:0000:0000:5c8d:3bda:dc77:5843,Заблокирован: 128 алертов,high,blocked
suricata,10.47.24.55,Заблокирован: 128 алертов,high,blocked
suricata,10.10.7.95,Заблокирован: 127 алертов,high,blocked
suricata,10.47.8.19,Заблокирован: 127 алертов,high,blocked
suricata,fe80:0000:0000:0000:c93f:45f2:7ccb:2fc7,Заблокирован: 126 алертов,high,blocked
suricata,10.47.4.1,Заблокирован: 126 алертов,high,blocked
suricata,172.16.32.94,Заблокирован: 125 алертов,high,blocked
suricata,10.47.1.100,Заблокирован: 125 алертов,high,blocked
suricata,10.47.6.1,Заблокирован: 124 алертов,high,blocked
suricata,10.47.4.156,Заблокирован: 124 алертов,high,blocked
suricata,10.159.242.21,Заблокирован: 122 алертов,high,blocked
suricata,10.47.1.1,Заблокирован: 121 алертов,high,blocked
suricata,10.10.3.8,Заблокирован: 119 алертов,high,blocked
suricata,172.16.22.65,Заблокирован: 119 алертов,high,blocked
suricata,10.47.3.218,Заблокирован: 118 алертов,high,blocked
suricata,10.10.2.206,Заблокирован: 117 алертов,high,blocked
suricata,10.255.0.22,Заблокирован: 116 алертов,high,blocked
suricata,10.10.5.121,Заблокирован: 116 алертов,high,blocked
suricata,10.47.26.55,Заблокирован: 116 алертов,high,blocked
suricata,10.10.1.166,Заблокирован: 115 алертов,high,blocked
suricata,10.10.7.126,Заблокирован: 115 алертов,high,blocked
suricata,10.128.0.210,Заблокирован: 113 алертов,high,blocked
suricata,10.10.3.67,Заблокирован: 110 алертов,high,blocked
suricata,10.10.6.209,Заблокирован: 110 алертов,high,blocked
suricata,10.128.0.213,Заблокирован: 110 алертов,high,blocked
suricata,10.128.0.217,Заблокирован: 108 алертов,high,blocked
suricata,216.58.219.46,Заблокирован: 107 алертов,high,blocked
suricata,138.201.116.127,Заблокирован: 107 алертов,high,blocked
suricata,10.47.7.58,Заблокирован: 107 алертов,high,blocked
suricata,10.10.3.2,Заблокирован: 106 алертов,high,blocked
suricata,10.47.6.157,Заблокирован: 106 алертов,high,blocked
suricata,10.128.0.249,Заблокирован: 105 алертов,high,blocked
suricata,10.47.24.82,Заблокирован: 104 алертов,high,blocked
suricata,10.47.23.55,Заблокирован: 103 алертов,high,blocked
suricata,10.128.0.245,Заблокирован: 102 алертов,high,blocked
suricata,10.10.1.115,Заблокирован: 100 алертов,high,blocked
suricata,10.10.3.38,Заблокирован: 96 алертов,high,blocked
suricata,10.47.24.65,Заблокирован: 96 алертов,high,blocked
suricata,10.47.6.58,Заблокирован: 95 алертов,high,blocked
suricata,72.21.91.70,Заблокирован: 94 алертов,high,blocked
suricata,10.47.1.58,Заблокирован: 94 алертов,high,blocked
suricata,10.192.88.98,Заблокирован: 93 алертов,high,blocked
suricata,10.10.1.70,Заблокирован: 93 алертов,high,blocked
suricata,172.16.31.94,Заблокирован: 93 алертов,high,blocked
suricata,10.47.21.25,Заблокирован: 93 алертов,high,blocked
suricata,10.47.5.58,Заблокирован: 91 алертов,high,blocked
suricata,10.47.27.80,Заблокирован: 91 алертов,high,blocked
suricata,10.47.47.10,Заблокирован: 90 алертов,high,blocked
suricata,10.47.41.26,Заблокирован: 90 алертов,high,blocked
suricata,10.47.41.40,Заблокирован: 89 алертов,high,blocked
suricata,10.10.4.152,Заблокирован: 87 алертов,high,blocked
suricata,10.10.7.65,Заблокирован: 86 алертов,high,blocked
suricata,10.10.4.111,Заблокирован: 86 алертов,high,blocked
suricata,10.10.5.25,Заблокирован: 86 алертов,high,blocked
suricata,10.47.5.1,Заблокирован: 85 алертов,high,blocked
suricata,10.47.7.1,Заблокирован: 85 алертов,high,blocked
suricata,10.47.2.1,Заблокирован: 85 алертов,high,blocked
suricata,10.47.24.81,Заблокирован: 85 алертов,high,blocked
suricata,10.47.41.30,Заблокирован: 85 алертов,high,blocked
suricata,10.10.4.10,Заблокирован: 84 алертов,high,blocked
suricata,216.58.216.46,Заблокирован: 83 алертов,high,blocked
suricata,10.47.25.55,Заблокирован: 83 алертов,high,blocked
suricata,10.230.187.77,Заблокирован: 81 алертов,high,blocked
suricata,10.47.47.34,Заблокирован: 81 алертов,high,blocked
suricata,216.58.216.35,Заблокирован: 80 алертов,high,blocked
suricata,10.47.28.55,Заблокирован: 80 алертов,high,blocked
suricata,10.47.26.186,Заблокирован: 80 алертов,high,blocked
suricata,10.47.8.218,Заблокирован: 79 алертов,high,blocked
suricata,10.10.16.2,Заблокирован: 79 алертов,high,blocked
suricata,10.255.0.26,Заблокирован: 78 алертов,high,blocked
suricata,172.16.12.55,Заблокирован: 78 алертов,high,blocked
suricata,10.47.4.58,Заблокирован: 78 алертов,high,blocked
suricata,10.10.8.150,Заблокирован: 77 алертов,high,blocked
suricata,10.47.8.58,Заблокирован: 77 алертов,high,blocked
suricata,10.47.7.100,Заблокирован: 77 алертов,high,blocked
suricata,10.0.0.29,Заблокирован: 75 алертов,high,blocked
suricata,10.47.44.34,Заблокирован: 75 алертов,high,blocked
suricata,172.16.38.94,Заблокирован: 73 алертов,high,blocked
suricata,10.192.0.226,Заблокирован: 73 алертов,high,blocked
suricata,10.227.250.215,Заблокирован: 73 алертов,high,blocked
suricata,10.128.0.212,Заблокирован: 73 алертов,high,blocked
suricata,10.47.3.10,Заблокирован: 72 алертов,high,blocked
suricata,10.47.6.142,Заблокирован: 72 алертов,high,blocked
suricata,10.128.0.227,Заблокирован: 72 алертов,high,blocked
suricata,10.47.5.100,Заблокирован: 72 алертов,high,blocked
suricata,10.197.105.15,Заблокирован: 72 алертов,high,blocked
suricata,10.47.43.32,Заблокирован: 72 алертов,high,blocked
suricata,10.47.5.142,Заблокирован: 71 алертов,high,blocked
suricata,10.47.27.25,Заблокирован: 70 алертов,high,blocked
suricata,10.192.0.180,Заблокирован: 69 алертов,high,blocked
suricata,172.16.22.66,Заблокирован: 68 алертов,high,blocked
suricata,10.10.2.240,Заблокирован: 67 алертов,high,blocked
suricata,10.147.6.92,Заблокирован: 67 алертов,high,blocked
suricata,10.47.21.80,Заблокирован: 67 алертов,high,blocked
suricata,10.47.25.82,Заблокирован: 67 алертов,high,blocked
suricata,10.47.45.10,Заблокирован: 66 алертов,high,blocked
suricata,10.47.41.27,Заблокирован: 66 алертов,high,blocked
suricata,10.10.17.2,Заблокирован: 66 алертов,high,blocked
suricata,10.10.7.2,Заблокирован: 65 алертов,high,blocked
suricata,10.10.4.21,Заблокирован: 64 алертов,high,blocked
suricata,10.10.8.89,Заблокирован: 64 алертов,high,blocked
suricata,23.44.160.203,Заблокирован: 64 алертов,high,blocked
suricata,108.160.165.84,Заблокирован: 64 алертов,high,blocked
suricata,10.10.4.50,Заблокирован: 63 алертов,high,blocked
suricata,10.192.0.2,Заблокирован: 63 алертов,high,blocked
suricata,172.16.22.51,Заблокирован: 63 алертов,high,blocked
suricata,10.47.1.20,Заблокирован: 63 алертов,high,blocked
suricata,10.128.0.33,Заблокирован: 63 алертов,high,blocked
suricata,10.47.48.40,Заблокирован: 63 алертов,high,blocked
suricata,10.47.24.186,Заблокирован: 63 алертов,high,blocked
suricata,10.128.0.206,Заблокирован: 62 алертов,high,blocked
suricata,10.237.30.78,Заблокирован: 62 алертов,high,blocked
suricata,10.222.140.10,Заблокирован: 62 алертов,high,blocked
suricata,10.10.6.122,Заблокирован: 61 алертов,high,blocked
suricata,10.128.0.254,Заблокирован: 61 алертов,high,blocked
suricata,10.47.42.30,Заблокирован: 61 алертов,high,blocked
suricata,10.252.194.251,Заблокирован: 60 алертов,high,blocked
suricata,10.10.2.1,Заблокирован: 60 алертов,high,blocked
suricata,10.225.66.77,Заблокирован: 59 алертов,high,blocked
suricata,10.10.7.90,Заблокирован: 58 алертов,high,blocked
suricata,10.10.5.165,Заблокирован: 58 алертов,high,blocked
suricata,108.160.165.8,Заблокирован: 58 алертов,high,blocked
suricata,108.160.166.138,Заблокирован: 58 алертов,high,blocked
suricata,108.160.165.212,Заблокирован: 58 алертов,high,blocked
suricata,10.47.46.30,Заблокирован: 58 алертов,high,blocked
suricata,162.208.20.178,Заблокирован: 57 алертов,high,blocked
suricata,10.47.8.250,Заблокирован: 57 алертов,high,blocked
suricata,10.220.115.1,Заблокирован: 57 алертов,high,blocked
suricata,10.47.42.27,Заблокирован: 57 алертов,high,blocked
suricata,10.47.48.27,Заблокирован: 57 алертов,high,blocked
suricata,10.10.4.8,Заблокирован: 56 алертов,high,blocked
suricata,10.10.8.43,Заблокирован: 56 алертов,high,blocked
suricata,108.160.162.115,Заблокирован: 56 алертов,high,blocked
suricata,10.47.6.152,Заблокирован: 56 алертов,high,blocked
suricata,10.192.22.23,Заблокирован: 55 алертов,high,blocked
suricata,10.150.0.23,Заблокирован: 55 алертов,high,blocked
suricata,10.190.153.120,Заблокирован: 55 алертов,high,blocked
suricata,10.229.25.73,Заблокирован: 55 алертов,high,blocked
suricata,10.255.0.24,Заблокирован: 54 алертов,high,blocked
suricata,172.16.28.51,Заблокирован: 54 алертов,high,blocked
suricata,108.160.165.138,Заблокирован: 54 алертов,high,blocked
suricata,10.47.3.150,Заблокирован: 54 алертов,high,blocked
suricata,216.58.219.35,Заблокирован: 53 алертов,high,blocked
suricata,151.101.24.204,Заблокирован: 53 алертов,high,blocked
suricata,10.255.0.27,Заблокирован: 53 алертов,high,blocked
suricata,10.47.28.25,Заблокирован: 53 алертов,high,blocked
suricata,10.47.23.25,Заблокирован: 53 алертов,high,blocked
suricata,10.128.0.202,Заблокирован: 53 алертов,high,blocked
suricata,10.47.46.40,Заблокирован: 53 алертов,high,blocked
suricata,23.194.101.156,Заблокирован: 52 алертов,high,blocked
suricata,10.47.1.200,Заблокирован: 52 алертов,high,blocked
suricata,10.47.42.40,Заблокирован: 52 алертов,high,blocked
suricata,10.47.43.30,Заблокирован: 52 алертов,high,blocked
suricata,185.106.154.119,Заблокирован: 52 алертов,high,blocked
suricata,8.42.77.171,Заблокирован: 52 алертов,high,blocked
suricata,172.16.37.14,Заблокирован: 51 алертов,high,blocked
suricata,10.47.26.25,Заблокирован: 51 алертов,high,blocked
suricata,10.10.3.1,Заблокирован: 51 алертов,high,blocked
suricata,10.128.0.237,Заблокирован: 51 алертов,high,blocked
suricata,72.21.91.29,Заблокирован: 50 алертов,high,blocked
suricata,108.160.166.9,Заблокирован: 50 алертов,high,blocked
suricata,10.47.48.20,Заблокирован: 50 алертов,high,blocked
suricata,10.47.42.20,Заблокирован: 49 алертов,high,blocked
suricata,10.192.0.217,Заблокирован: 48 алертов,high,blocked
suricata,10.234.187.215,Заблокирован: 48 алертов,high,blocked
suricata,10.47.7.156,Заблокирован: 48 алертов,high,blocked
suricata,10.47.48.26,Заблокирован: 48 алертов,high,blocked
suricata,151.101.24.133,Заблокирован: 47 алертов,high,blocked
suricata,10.192.84.90,Заблокирован: 47 алертов,high,blocked
suricata,108.160.165.9,Заблокирован: 47 алертов,high,blocked
suricata,108.160.166.139,Заблокирован: 47 алертов,high,blocked
suricata,209.197.3.19,Заблокирован: 46 алертов,high,blocked
suricata,98.138.199.240,Заблокирован: 46 алертов,high,blocked
suricata,10.10.3.71,Заблокирован: 46 алертов,high,blocked
suricata,108.160.166.10,Заблокирован: 46 алертов,high,blocked
suricata,10.47.43.40,Заблокирован: 46 алертов,high,blocked
suricata,10.10.1.79,Заблокирован: 45 алертов,high,blocked
suricata,10.47.43.27,Заблокирован: 45 алертов,high,blocked
suricata,192.229.211.40,Заблокирован: 44 алертов,high,blocked
suricata,10.10.5.8,Заблокирован: 44 алертов,high,blocked
suricata,10.220.142.41,Заблокирован: 44 алертов,high,blocked
suricata,10.210.90.160,Заблокирован: 44 алертов,high,blocked
suricata,172.16.13.55,Заблокирован: 43 алертов,high,blocked
suricata,172.16.33.94,Заблокирован: 43 алертов,high,blocked
suricata,108.160.165.83,Заблокирован: 43 алертов,high,blocked
suricata,10.184.180.10,Заблокирован: 43 алертов,high,blocked
suricata,10.149.243.105,Заблокирован: 43 алертов,high,blocked
suricata,10.155.47.185,Заблокирован: 43 алертов,high,blocked
suricata,10.10.3.70,Заблокирован: 42 алертов,high,blocked
suricata,198.189.255.214,Заблокирован: 42 алертов,high,blocked
suricata,172.16.22.52,Заблокирован: 42 алертов,high,blocked
suricata,108.160.166.140,Заблокирован: 42 алертов,high,blocked
suricata,10.128.0.219,Заблокирован: 42 алертов,high,blocked
suricata,10.47.41.10,Заблокирован: 42 алертов,high,blocked
suricata,10.47.22.80,Заблокирован: 41 алертов,high,blocked
suricata,10.47.44.40,Заблокирован: 41 алертов,high,blocked
suricata,10.162.128.195,Заблокирован: 41 алертов,high,blocked
suricata,10.224.110.133,Заблокирован: 41 алертов,high,blocked
suricata,10.130.0.91,Заблокирован: 40 алертов,high,blocked
suricata,10.255.0.21,Заблокирован: 40 алертов,high,blocked
suricata,10.10.4.7,Заблокирован: 40 алертов,high,blocked
suricata,10.192.75.75,Заблокирован: 40 алертов,high,blocked
suricata,108.160.166.137,Заблокирован: 40 алертов,high,blocked
suricata,10.47.8.10,Заблокирован: 40 алертов,high,blocked
suricata,10.10.18.2,Заблокирован: 40 алертов,high,blocked
suricata,10.47.24.170,Заблокирован: 40 алертов,high,blocked
suricata,10.147.215.105,Заблокирован: 40 алертов,high,blocked
suricata,10.253.178.68,Заблокирован: 40 алертов,high,blocked
suricata,108.160.165.211,Заблокирован: 39 алертов,high,blocked
suricata,10.128.0.208,Заблокирован: 39 алертов,high,blocked
suricata,10.47.25.25,Заблокирован: 39 алертов,high,blocked
suricata,10.47.28.80,Заблокирован: 39 алертов,high,blocked
suricata,199.166.0.200,Заблокирован: 38 алертов,high,blocked
suricata,192.0.73.2,Заблокирован: 38 алертов,high,blocked
suricata,108.160.166.141,Заблокирован: 38 алертов,high,blocked
suricata,10.158.39.230,Заблокирован: 38 алертов,high,blocked
suricata,10.47.3.156,Заблокирован: 38 алертов,high,blocked
suricata,10.47.47.26,Заблокирован: 38 алертов,high,blocked
suricata,9.9.9.9,Заблокирован: 38 алертов,high,blocked
suricata,10.10.2.148,Заблокирован: 37 алертов,high,blocked
suricata,10.10.5.66,Заблокирован: 37 алертов,high,blocked
suricata,198.189.255.201,Заблокирован: 37 алертов,high,blocked
suricata,10.222.198.201,Заблокирован: 37 алертов,high,blocked
suricata,10.10.5.1,Заблокирован: 37 алертов,high,blocked
suricata,10.10.5.2,Заблокирован: 37 алертов,high,blocked
suricata,10.228.1.214,Заблокирован: 37 алертов,high,blocked
suricata,107.154.105.19,Заблокирован: 36 алертов,high,blocked
suricata,10.10.2.167,Заблокирован: 36 алертов,high,blocked
suricata,10.255.0.20,Заблокирован: 36 алертов,high,blocked
suricata,10.248.54.178,Заблокирован: 36 алертов,high,blocked
suricata,108.160.166.11,Заблокирован: 36 алертов,high,blocked
suricata,10.47.4.20,Заблокирован: 36 алертов,high,blocked
suricata,10.169.151.44,Заблокирован: 36 алертов,high,blocked
suricata,10.240.224.178,Заблокирован: 36 алертов,high,blocked
suricata,10.47.22.186,Заблокирован: 36 алертов,high,blocked
suricata,10.47.27.186,Заблокирован: 36 алертов,high,blocked
suricata,10.221.55.233,Заблокирован: 36 алертов,high,blocked
suricata,10.47.42.26,Заблокирован: 36 алертов,high,blocked
suricata,10.173.164.3,Заблокирован: 36 алертов,high,blocked
suricata,10.10.3.139,Заблокирован: 35 алертов,high,blocked
suricata,108.160.162.76,Заблокирован: 35 алертов,high,blocked
suricata,10.47.4.150,Заблокирован: 35 алертов,high,blocked
suricata,10.47.8.12,Заблокирован: 35 алертов,high,blocked
suricata,10.218.83.58,Заблокирован: 35 алертов,high,blocked
suricata,10.207.113.232,Заблокирован: 35 алертов,high,blocked
suricata,10.47.23.186,Заблокирован: 35 алертов,high,blocked
suricata,74.6.34.27,Заблокирован: 34 алертов,high,blocked
suricata,104.244.42.66,Заблокирован: 34 алертов,high,blocked
suricata,10.10.6.78,Заблокирован: 34 алертов,high,blocked
suricata,10.10.2.199,Заблокирован: 34 алертов,high,blocked
suricata,10.129.61.87,Заблокирован: 34 алертов,high,blocked
suricata,10.229.11.196,Заблокирован: 34 алертов,high,blocked
suricata,10.10.5.39,Заблокирован: 33 алертов,high,blocked
suricata,172.16.26.65,Заблокирован: 33 алертов,high,blocked
suricata,10.206.8.213,Заблокирован: 33 алертов,high,blocked
suricata,108.160.165.11,Заблокирован: 33 алертов,high,blocked
suricata,10.47.4.218,Заблокирован: 33 алертов,high,blocked
suricata,10.245.174.229,Заблокирован: 33 алертов,high,blocked
suricata,10.227.99.14,Заблокирован: 33 алертов,high,blocked
suricata,10.47.22.65,Заблокирован: 33 алертов,high,blocked
suricata,10.47.27.81,Заблокирован: 33 алертов,high,blocked
suricata,10.47.21.82,Заблокирован: 33 алертов,high,blocked
suricata,10.47.43.26,Заблокирован: 33 алертов,high,blocked
suricata,209.73.190.11,Заблокирован: 32 алертов,high,blocked
suricata,209.73.190.12,Заблокирован: 32 алертов,high,blocked
suricata,172.217.5.66,Заблокирован: 32 алертов,high,blocked
suricata,104.244.42.130,Заблокирован: 32 алертов,high,blocked
suricata,178.62.196.187,Заблокирован: 32 алертов,high,blocked
suricata,10.147.103.147,Заблокирован: 32 алертов,high,blocked
suricata,10.47.21.81,Заблокирован: 32 алертов,high,blocked
suricata,204.79.197.200,Заблокирован: 31 алертов,high,blocked
suricata,172.16.22.74,Заблокирован: 31 алертов,high,blocked
suricata,10.255.0.23,Заблокирован: 31 алертов,high,blocked
suricata,10.10.6.251,Заблокирован: 31 алертов,high,blocked
suricata,172.16.37.94,Заблокирован: 31 алертов,high,blocked
suricata,10.234.144.65,Заблокирован: 31 алертов,high,blocked
suricata,10.185.119.124,Заблокирован: 31 алертов,high,blocked
suricata,10.47.25.186,Заблокирован: 31 алертов,high,blocked
suricata,10.10.26.2,Заблокирован: 31 алертов,high,blocked
suricata,10.131.68.226,Заблокирован: 31 алертов,high,blocked
suricata,10.220.6.120,Заблокирован: 30 алертов,high,blocked
suricata,10.213.206.123,Заблокирован: 30 алертов,high,blocked
suricata,10.211.73.92,Заблокирован: 30 алертов,high,blocked
suricata,10.10.15.2,Заблокирован: 30 алертов,high,blocked
suricata,10.192.70.154,Заблокирован: 30 алертов,high,blocked
suricata,10.47.45.68,Заблокирован: 30 алертов,high,blocked
suricata,172.16.27.65,Заблокирован: 29 алертов,high,blocked
suricata,10.192.72.72,Заблокирован: 29 алертов,high,blocked
suricata,108.160.166.12,Заблокирован: 29 алертов,high,blocked
suricata,10.138.62.180,Заблокирован: 29 алертов,high,blocked
suricata,10.148.195.15,Заблокирован: 29 алертов,high,blocked
suricata,10.210.30.187,Заблокирован: 29 алертов,high,blocked
suricata,10.201.30.4,Заблокирован: 29 алертов,high,blocked
suricata,10.47.44.27,Заблокирован: 29 алертов,high,blocked
suricata,10.246.60.119,Заблокирован: 29 алертов,high,blocked
suricata,10.196.241.97,Заблокирован: 29 алертов,high,blocked
suricata,10.224.89.53,Заблокирован: 29 алертов,high,blocked
suricata,10.156.197.191,Заблокирован: 29 алертов,high,blocked
suricata,10.151.2.149,Заблокирован: 29 алертов,high,blocked
suricata,23.192.88.58,Заблокирован: 28 алертов,high,blocked
suricata,10.10.6.180,Заблокирован: 28 алертов,high,blocked
suricata,216.58.216.42,Заблокирован: 28 алертов,high,blocked
suricata,10.10.8.149,Заблокирован: 28 алертов,high,blocked
suricata,216.58.219.38,Заблокирован: 28 алертов,high,blocked
suricata,65.175.128.102,Заблокирован: 28 алертов,high,blocked
suricata,10.10.1.117,Заблокирован: 28 алертов,high,blocked
suricata,172.16.21.74,Заблокирован: 28 алертов,high,blocked
suricata,10.0.0.111,Заблокирован: 28 алертов,high,blocked
suricata,10.10.8.166,Заблокирован: 28 алертов,high,blocked
suricata,10.246.57.197,Заблокирован: 28 алертов,high,blocked
suricata,10.226.127.220,Заблокирован: 28 алертов,high,blocked
suricata,10.222.92.71,Заблокирован: 28 алертов,high,blocked
suricata,10.47.3.157,Заблокирован: 28 алертов,high,blocked
suricata,198.199.95.203,Заблокирован: 28 алертов,high,blocked
suricata,10.195.155.170,Заблокирован: 28 алертов,high,blocked
suricata,10.255.208.189,Заблокирован: 28 алертов,high,blocked
suricata,216.58.219.36,Заблокирован: 27 алертов,high,blocked
suricata,172.16.24.74,Заблокирован: 27 алертов,high,blocked
suricata,172.16.28.66,Заблокирован: 27 алертов,high,blocked
suricata,10.169.134.30,Заблокирован: 27 алертов,high,blocked
suricata,10.47.44.26,Заблокирован: 27 алертов,high,blocked
suricata,10.10.14.2,Заблокирован: 27 алертов,high,blocked
suricata,10.167.155.117,Заблокирован: 27 алертов,high,blocked
suricata,216.58.219.42,Заблокирован: 26 алертов,high,blocked
suricata,216.58.219.33,Заблокирован: 26 алертов,high,blocked
suricata,10.10.3.10,Заблокирован: 26 алертов,high,blocked
suricata,8.8.8.8,Заблокирован: 26 алертов,high,blocked
suricata,10.47.2.156,Заблокирован: 26 алертов,high,blocked
suricata,134.19.177.109,Заблокирован: 26 алертов,high,blocked
suricata,185.227.82.56,Заблокирован: 26 алертов,high,blocked
suricata,10.47.43.34,Заблокирован: 26 алертов,high,blocked
suricata,10.10.12.2,Заблокирован: 26 алертов,high,blocked
suricata,13.107.21.200,Заблокирован: 25 алертов,high,blocked
suricata,10.157.36.146,Заблокирован: 25 алертов,high,blocked
suricata,10.253.193.190,Заблокирован: 25 алертов,high,blocked
suricata,10.164.50.237,Заблокирован: 25 алертов,high,blocked
suricata,134.71.71.71,Заблокирован: 24 алертов,high,blocked
suricata,172.16.25.74,Заблокирован: 24 алертов,high,blocked
suricata,10.197.223.44,Заблокирован: 24 алертов,high,blocked
suricata,10.185.233.114,Заблокирован: 24 алертов,high,blocked
suricata,10.138.16.118,Заблокирован: 24 алертов,high,blocked
suricata,10.176.132.88,Заблокирован: 24 алертов,high,blocked
suricata,10.226.69.24,Заблокирован: 24 алертов,high,blocked
suricata,10.187.186.242,Заблокирован: 24 алертов,high,blocked
suricata,10.47.1.142,Заблокирован: 24 алертов,high,blocked
suricata,10.159.235.231,Заблокирован: 24 алертов,high,blocked
suricata,10.47.4.10,Заблокирован: 24 алертов,high,blocked
suricata,88.99.217.110,Заблокирован: 24 алертов,high,blocked
suricata,10.219.250.87,Заблокирован: 24 алертов,high,blocked
suricata,10.135.83.110,Заблокирован: 24 алертов,high,blocked
suricata,10.143.241.219,Заблокирован: 24 алертов,high,blocked
suricata,65.55.50.189,Заблокирован: 23 алертов,high,blocked
suricata,10.47.43.20,Заблокирован: 23 алертов,high,blocked
suricata,193.23.244.244,Заблокирован: 23 алертов,high,blocked
suricata,10.178.124.79,Заблокирован: 23 алертов,high,blocked
suricata,10.131.97.44,Заблокирован: 23 алертов,high,blocked
suricata,204.11.109.67,Заблокирован: 22 алертов,high,blocked
suricata,10.192.91.40,Заблокирован: 22 алертов,high,blocked
suricata,23.194.101.15,Заблокирован: 22 алертов,high,blocked
suricata,10.10.2.201,Заблокирован: 22 алертов,high,blocked
suricata,10.10.5.221,Заблокирован: 22 алертов,high,blocked
suricata,208.71.45.91,Заблокирован: 22 алертов,high,blocked
suricata,10.47.25.80,Заблокирован: 22 алертов,high,blocked
suricata,10.47.27.65,Заблокирован: 22 алертов,high,blocked
suricata,10.47.21.65,Заблокирован: 22 алертов,high,blocked
suricata,10.228.68.14,Заблокирован: 22 алертов,high,blocked
suricata,10.224.211.31,Заблокирован: 22 алертов,high,blocked
suricata,10.148.170.13,Заблокирован: 22 алертов,high,blocked
suricata,10.131.99.229,Заблокирован: 22 алертов,high,blocked
suricata,10.197.186.51,Заблокирован: 22 алертов,high,blocked
suricata,10.230.73.251,Заблокирован: 22 алертов,high,blocked
suricata,10.218.221.240,Заблокирован: 22 алертов,high,blocked
suricata,216.58.216.34,Заблокирован: 21 алертов,high,blocked
suricata,172.16.26.74,Заблокирован: 21 алертов,high,blocked
suricata,208.67.222.222,Заблокирован: 21 алертов,high,blocked
suricata,108.160.165.10,Заблокирован: 21 алертов,high,blocked
suricata,10.47.6.218,Заблокирован: 21 алертов,high,blocked
suricata,10.47.8.151,Заблокирован: 21 алертов,high,blocked
suricata,10.47.27.82,Заблокирован: 21 алертов,high,blocked
suricata,10.191.75.131,Заблокирован: 21 алертов,high,blocked
suricata,10.47.3.58,Заблокирован: 21 алертов,high,blocked
suricata,10.47.47.40,Заблокирован: 21 алертов,high,blocked
suricata,10.47.45.20,Заблокирован: 21 алертов,high,blocked
suricata,10.47.3.153,Заблокирован: 21 алертов,high,blocked
suricata,10.196.248.220,Заблокирован: 21 алертов,high,blocked
suricata,10.247.197.139,Заблокирован: 21 алертов,high,blocked
suricata,10.208.176.159,Заблокирован: 21 алертов,high,blocked
suricata,216.58.216.36,Заблокирован: 20 алертов,high,blocked
suricata,151.101.24.102,Заблокирован: 20 алертов,high,blocked
suricata,10.192.192.250,Заблокирован: 20 алертов,high,blocked
suricata,216.58.216.33,Заблокирован: 20 алертов,high,blocked
suricata,10.10.8.2,Заблокирован: 20 алертов,high,blocked
suricata,10.10.2.2,Заблокирован: 20 алертов,high,blocked
suricata,10.201.129.147,Заблокирован: 20 алертов,high,blocked
suricata,10.230.255.228,Заблокирован: 20 алертов,high,blocked
suricata,10.194.187.50,Заблокирован: 20 алертов,high,blocked
suricata,10.139.153.98,Заблокирован: 20 алертов,high,blocked
suricata,10.225.117.223,Заблокирован: 20 алертов,high,blocked
suricata,10.253.21.244,Заблокирован: 20 алертов,high,blocked
suricata,10.128.0.87,Заблокирован: 20 алертов,high,blocked
suricata,10.175.172.73,Заблокирован: 20 алертов,high,blocked
suricata,10.168.224.189,Заблокирован: 20 алертов,high,blocked
suricata,10.177.180.250,Заблокирован: 20 алертов,high,blocked
suricata,10.186.48.57,Заблокирован: 20 алертов,high,blocked
suricata,10.142.142.190,Заблокирован: 20 алертов,high,blocked
suricata,10.170.64.84,Заблокирован: 20 алертов,high,blocked
suricata,10.166.27.94,Заблокирован: 20 алертов,high,blocked
suricata,10.133.235.209,Заблокирован: 20 алертов,high,blocked
suricata,10.221.86.242,Заблокирован: 20 алертов,high,blocked
suricata,10.190.138.19,Заблокирован: 20 алертов,high,blocked
suricata,10.167.204.195,Заблокирован: 20 алертов,high,blocked
suricata,10.47.47.27,Заблокирован: 20 алертов,high,blocked
suricata,10.207.14.34,Заблокирован: 20 алертов,high,blocked
suricata,10.143.234.247,Заблокирован: 20 алертов,high,blocked
suricata,10.169.15.220,Заблокирован: 20 алертов,high,blocked
suricata,10.192.250.168,Заблокирован: 20 алертов,high,blocked
suricata,10.155.18.200,Заблокирован: 20 алертов,high,blocked
suricata,10.47.21.172,Заблокирован: 20 алертов,high,blocked
suricata,10.47.23.166,Заблокирован: 20 алертов,high,blocked
suricata,10.144.51.96,Заблокирован: 20 алертов,high,blocked
suricata,10.232.42.2,Заблокирован: 20 алертов,high,blocked
suricata,10.170.192.217,Заблокирован: 20 алертов,high,blocked
suricata,10.192.0.91,Заблокирован: 19 алертов,high,blocked
suricata,10.10.8.125,Заблокирован: 19 алертов,high,blocked
suricata,208.67.220.220,Заблокирован: 19 алертов,high,blocked
suricata,10.47.23.65,Заблокирован: 19 алертов,high,blocked
suricata,65.55.50.190,Заблокирован: 19 алертов,high,blocked
suricata,10.47.27.158,Заблокирован: 19 алертов,high,blocked
suricata,10.201.221.64,Заблокирован: 19 алертов,high,blocked
suricata,10.158.146.20,Заблокирован: 19 алертов,high,blocked
suricata,10.131.21.84,Заблокирован: 19 алертов,high,blocked
suricata,10.203.107.33,Заблокирован: 19 алертов,high,blocked
suricata,216.58.216.38,Заблокирован: 18 алертов,high,blocked
suricata,151.101.65.69,Заблокирован: 18 алертов,high,blocked
suricata,10.192.78.78,Заблокирован: 18 алертов,high,blocked
suricata,10.10.2.217,Заблокирован: 18 алертов,high,blocked
suricata,10.195.0.233,Заблокирован: 18 алертов,high,blocked
suricata,10.192.77.5,Заблокирован: 18 алертов,high,blocked
suricata,10.155.103.17,Заблокирован: 18 алертов,high,blocked
suricata,52.85.85.68,Заблокирован: 18 алертов,high,blocked
suricata,10.47.26.65,Заблокирован: 18 алертов,high,blocked
suricata,10.218.198.60,Заблокирован: 18 алертов,high,blocked
suricata,10.47.23.80,Заблокирован: 18 алертов,high,blocked
suricata,10.209.54.206,Заблокирован: 18 алертов,high,blocked
suricata,10.198.98.83,Заблокирован: 18 алертов,high,blocked
suricata,10.133.99.123,Заблокирован: 18 алертов,high,blocked
suricata,10.196.83.237,Заблокирован: 18 алертов,high,blocked
suricata,10.141.118.207,Заблокирован: 18 алертов,high,blocked
suricata,10.47.42.68,Заблокирован: 18 алертов,high,blocked
suricata,10.159.150.51,Заблокирован: 18 алертов,high,blocked
suricata,10.255.0.25,Заблокирован: 17 алертов,high,blocked
suricata,216.58.217.194,Заблокирован: 17 алертов,high,blocked
suricata,173.194.167.41,Заблокирован: 17 алертов,high,blocked
suricata,10.240.235.46,Заблокирован: 17 алертов,high,blocked
suricata,10.209.119.95,Заблокирован: 17 алертов,high,blocked
suricata,10.47.25.65,Заблокирован: 17 алертов,high,blocked
suricata,10.190.223.177,Заблокирован: 17 алертов,high,blocked
suricata,10.47.6.153,Заблокирован: 17 алертов,high,blocked
suricata,10.47.46.27,Заблокирован: 17 алертов,high,blocked
suricata,81.7.11.33,Заблокирован: 17 алертов,high,blocked
suricata,10.219.241.83,Заблокирован: 17 алертов,high,blocked
suricata,10.148.67.223,Заблокирован: 17 алертов,high,blocked
suricata,10.251.156.201,Заблокирован: 17 алертов,high,blocked
suricata,192.0.77.32,Заблокирован: 16 алертов,high,blocked
suricata,209.197.3.20,Заблокирован: 16 алертов,high,blocked
suricata,216.58.216.2,Заблокирован: 16 алертов,high,blocked
suricata,172.217.5.194,Заблокирован: 16 алертов,high,blocked
suricata,216.58.219.14,Заблокирован: 16 алертов,high,blocked
suricata,192.187.122.131,Заблокирован: 16 алертов,high,blocked
suricata,23.73.183.176,Заблокирован: 16 алертов,high,blocked
suricata,172.16.31.48,Заблокирован: 16 алертов,high,blocked
suricata,195.12.232.145,Заблокирован: 16 алертов,high,blocked
suricata,10.147.198.79,Заблокирован: 16 алертов,high,blocked
suricata,10.47.6.150,Заблокирован: 16 алертов,high,blocked
suricata,10.128.254.254,Заблокирован: 16 алертов,high,blocked
suricata,10.138.41.204,Заблокирован: 16 алертов,high,blocked
suricata,10.200.211.209,Заблокирован: 16 алертов,high,blocked
suricata,10.198.20.14,Заблокирован: 16 алертов,high,blocked
suricata,10.174.1.77,Заблокирован: 16 алертов,high,blocked
suricata,10.163.219.31,Заблокирован: 16 алертов,high,blocked
suricata,10.195.119.22,Заблокирован: 16 алертов,high,blocked
suricata,10.185.120.8,Заблокирован: 16 алертов,high,blocked
suricata,10.243.44.9,Заблокирован: 16 алертов,high,blocked
suricata,10.190.208.224,Заблокирован: 16 алертов,high,blocked
suricata,10.233.127.168,Заблокирован: 16 алертов,high,blocked
suricata,10.142.78.131,Заблокирован: 16 алертов,high,blocked
suricata,10.47.27.150,Заблокирован: 16 алертов,high,blocked
suricata,10.232.147.122,Заблокирован: 16 алертов,high,blocked
suricata,10.200.98.28,Заблокирован: 16 алертов,high,blocked
suricata,10.167.48.124,Заблокирован: 16 алертов,high,blocked
suricata,10.153.118.18,Заблокирован: 16 алертов,high,blocked
suricata,10.192.59.7,Заблокирован: 16 алертов,high,blocked
suricata,10.160.172.152,Заблокирован: 16 алертов,high,blocked
suricata,10.188.143.90,Заблокирован: 16 алертов,high,blocked
suricata,10.175.76.149,Заблокирован: 16 алертов,high,blocked
suricata,10.188.214.222,Заблокирован: 16 алертов,high,blocked
suricata,10.248.100.50,Заблокирован: 16 алертов,high,blocked
suricata,10.139.183.196,Заблокирован: 16 алертов,high,blocked
suricata,10.132.184.26,Заблокирован: 16 алертов,high,blocked
suricata,10.217.137.112,Заблокирован: 16 алертов,high,blocked
suricata,10.47.28.82,Заблокирован: 16 алертов,high,blocked
suricata,10.140.206.98,Заблокирован: 16 алертов,high,blocked
suricata,10.130.12.5,Заблокирован: 16 алертов,high,blocked
suricata,10.199.0.203,Заблокирован: 16 алертов,high,blocked
suricata,10.181.73.240,Заблокирован: 16 алертов,high,blocked
suricata,10.253.249.251,Заблокирован: 16 алертов,high,blocked
suricata,10.149.135.175,Заблокирован: 16 алертов,high,blocked
suricata,10.148.15.133,Заблокирован: 16 алертов,high,blocked
suricata,10.238.180.60,Заблокирован: 16 алертов,high,blocked
suricata,10.137.140.190,Заблокирован: 16 алертов,high,blocked
suricata,88.99.70.107,Заблокирован: 16 алертов,high,blocked
suricata,10.166.83.210,Заблокирован: 16 алертов,high,blocked
suricata,10.243.14.176,Заблокирован: 16 алертов,high,blocked
suricata,10.161.225.168,Заблокирован: 16 алертов,high,blocked
suricata,10.212.238.15,Заблокирован: 16 алертов,high,blocked
suricata,10.199.57.223,Заблокирован: 16 алертов,high,blocked
suricata,10.132.47.156,Заблокирован: 16 алертов,high,blocked
suricata,10.204.52.34,Заблокирован: 16 алертов,high,blocked
suricata,10.129.53.65,Заблокирован: 16 алертов,high,blocked
suricata,10.203.231.174,Заблокирован: 16 алертов,high,blocked
suricata,10.148.177.178,Заблокирован: 16 алертов,high,blocked
suricata,10.196.242.107,Заблокирован: 16 алертов,high,blocked
suricata,204.11.109.65,Заблокирован: 15 алертов,high,blocked
suricata,172.217.4.130,Заблокирован: 15 алертов,high,blocked
suricata,8.254.243.46,Заблокирован: 15 алертов,high,blocked
suricata,10.10.4.3,Заблокирован: 15 алертов,high,blocked
suricata,172.16.16.55,Заблокирован: 15 алертов,high,blocked
suricata,10.128.0.116,Заблокирован: 15 алертов,high,blocked
suricata,10.153.125.169,Заблокирован: 15 алертов,high,blocked
suricata,10.148.65.99,Заблокирован: 15 алертов,high,blocked
suricata,10.47.22.81,Заблокирован: 15 алертов,high,blocked
suricata,10.47.28.81,Заблокирован: 15 алертов,high,blocked
suricata,10.200.110.27,Заблокирован: 15 алертов,high,blocked
suricata,72.21.81.240,Заблокирован: 15 алертов,high,blocked
suricata,10.141.208.245,Заблокирован: 15 алертов,high,blocked
suricata,212.51.134.123,Заблокирован: 15 алертов,high,blocked
suricata,10.186.74.136,Заблокирован: 15 алертов,high,blocked
suricata,10.191.2.236,Заблокирован: 15 алертов,high,blocked
suricata,10.239.34.35,Заблокирован: 15 алертов,high,blocked
suricata,198.232.125.123,Заблокирован: 14 алертов,high,blocked
suricata,208.71.44.30,Заблокирован: 14 алертов,high,blocked
suricata,10.10.5.170,Заблокирован: 14 алертов,high,blocked
suricata,104.68.100.133,Заблокирован: 14 алертов,high,blocked
suricata,104.19.196.102,Заблокирован: 14 алертов,high,blocked
suricata,10.10.4.125,Заблокирован: 14 алертов,high,blocked
suricata,10.10.1.87,Заблокирован: 14 алертов,high,blocked
suricata,172.16.27.51,Заблокирован: 14 алертов,high,blocked
suricata,10.10.8.105,Заблокирован: 14 алертов,high,blocked
suricata,10.10.6.65,Заблокирован: 14 алертов,high,blocked
suricata,10.10.7.160,Заблокирован: 14 алертов,high,blocked
suricata,66.110.49.6,Заблокирован: 14 алертов,high,blocked
suricata,104.254.150.37,Заблокирован: 14 алертов,high,blocked
suricata,10.10.8.167,Заблокирован: 14 алертов,high,blocked
suricata,10.192.84.101,Заблокирован: 14 алертов,high,blocked
suricata,10.194.17.134,Заблокирован: 14 алертов,high,blocked
suricata,10.47.25.1,Заблокирован: 14 алертов,high,blocked
suricata,10.248.15.83,Заблокирован: 14 алертов,high,blocked
suricata,10.242.252.248,Заблокирован: 14 алертов,high,blocked
suricata,10.128.0.246,Заблокирован: 14 алертов,high,blocked
suricata,10.10.25.2,Заблокирован: 14 алертов,high,blocked
suricata,10.212.57.124,Заблокирован: 14 алертов,high,blocked
suricata,10.247.45.52,Заблокирован: 14 алертов,high,blocked
suricata,10.196.136.60,Заблокирован: 14 алертов,high,blocked
suricata,10.157.48.240,Заблокирован: 14 алертов,high,blocked
suricata,10.188.124.32,Заблокирован: 14 алертов,high,blocked
suricata,205.185.216.10,Заблокирован: 13 алертов,high,blocked
suricata,38.124.168.116,Заблокирован: 13 алертов,high,blocked
suricata,10.185.149.4,Заблокирован: 13 алертов,high,blocked
suricata,10.247.97.105,Заблокирован: 13 алертов,high,blocked
suricata,10.137.253.98,Заблокирован: 13 алертов,high,blocked
suricata,10.47.24.154,Заблокирован: 13 алертов,high,blocked
suricata,10.255.144.226,Заблокирован: 13 алертов,high,blocked
suricata,10.152.205.232,Заблокирован: 13 алертов,high,blocked
suricata,10.244.245.36,Заблокирован: 13 алертов,high,blocked
suricata,10.10.11.2,Заблокирован: 13 алертов,high,blocked
suricata,10.245.171.18,Заблокирован: 13 алертов,high,blocked
suricata,10.131.43.145,Заблокирован: 13 алертов,high,blocked
suricata,23.194.102.33,Заблокирован: 13 алертов,high,blocked
suricata,10.148.153.88,Заблокирован: 13 алертов,high,blocked
suricata,10.219.144.135,Заблокирован: 13 алертов,high,blocked
suricata,10.219.216.224,Заблокирован: 13 алертов,high,blocked
suricata,10.146.125.215,Заблокирован: 13 алертов,high,blocked
suricata,10.185.110.76,Заблокирован: 13 алертов,high,blocked
suricata,10.240.56.147,Заблокирован: 13 алертов,high,blocked
suricata,10.215.39.198,Заблокирован: 13 алертов,high,blocked
suricata,10.161.34.112,Заблокирован: 13 алертов,high,blocked
suricata,10.203.147.91,Заблокирован: 13 алертов,high,blocked
suricata,151.101.24.223,Заблокирован: 12 алертов,high,blocked
suricata,98.136.240.93,Заблокирован: 12 алертов,high,blocked
suricata,184.87.206.9,Заблокирован: 12 алертов,high,blocked
suricata,69.172.216.55,Заблокирован: 12 алертов,high,blocked
suricata,172.217.5.74,Заблокирован: 12 алертов,high,blocked
suricata,151.101.24.193,Заблокирован: 12 алертов,high,blocked
suricata,172.16.27.66,Заблокирован: 12 алертов,high,blocked
suricata,172.16.17.55,Заблокирован: 12 алертов,high,blocked
suricata,151.101.24.134,Заблокирован: 12 алертов,high,blocked
suricata,173.194.166.136,Заблокирован: 12 алертов,high,blocked
suricata,172.16.35.48,Заблокирован: 12 алертов,high,blocked
suricata,10.210.166.134,Заблокирован: 12 алертов,high,blocked
suricata,10.10.5.10,Заблокирован: 12 алертов,high,blocked
suricata,104.68.102.81,Заблокирован: 12 алертов,high,blocked
suricata,91.217.90.49,Заблокирован: 12 алертов,high,blocked
suricata,10.204.179.236,Заблокирован: 12 алертов,high,blocked
suricata,10.47.5.153,Заблокирован: 12 алертов,high,blocked
suricata,10.252.151.73,Заблокирован: 12 алертов,high,blocked
suricata,10.226.176.29,Заблокирован: 12 алертов,high,blocked
suricata,10.201.223.238,Заблокирован: 12 алертов,high,blocked
suricata,10.146.169.37,Заблокирован: 12 алертов,high,blocked
suricata,10.132.223.219,Заблокирован: 12 алертов,high,blocked
suricata,10.131.171.249,Заблокирован: 12 алертов,high,blocked
suricata,10.170.234.250,Заблокирован: 12 алертов,high,blocked
suricata,10.47.28.65,Заблокирован: 12 алертов,high,blocked
suricata,10.182.73.204,Заблокирован: 12 алертов,high,blocked
suricata,10.171.145.206,Заблокирован: 12 алертов,high,blocked
suricata,10.47.23.82,Заблокирован: 12 алертов,high,blocked
suricata,10.148.46.32,Заблокирован: 12 алертов,high,blocked
suricata,10.47.2.142,Заблокирован: 12 алертов,high,blocked
suricata,192.175.48.6,Заблокирован: 12 алертов,high,blocked
suricata,10.253.101.188,Заблокирован: 12 алертов,high,blocked
suricata,10.244.255.135,Заблокирован: 12 алертов,high,blocked
suricata,10.234.172.93,Заблокирован: 12 алертов,high,blocked
suricata,10.253.227.177,Заблокирован: 12 алертов,high,blocked
suricata,10.217.106.33,Заблокирован: 12 алертов,high,blocked
suricata,10.169.219.162,Заблокирован: 12 алертов,high,blocked
suricata,10.249.114.163,Заблокирован: 12 алертов,high,blocked
suricata,10.220.15.98,Заблокирован: 12 алертов,high,blocked
suricata,10.242.85.115,Заблокирован: 12 алертов,high,blocked
suricata,10.206.39.83,Заблокирован: 12 алертов,high,blocked
suricata,10.208.51.184,Заблокирован: 12 алертов,high,blocked
suricata,10.214.6.192,Заблокирован: 12 алертов,high,blocked
suricata,10.250.137.132,Заблокирован: 12 алертов,high,blocked
suricata,10.128.0.242,Заблокирован: 12 алертов,high,blocked
suricata,10.137.11.219,Заблокирован: 12 алертов,high,blocked
suricata,10.231.196.16,Заблокирован: 12 алертов,high,blocked
suricata,10.174.177.243,Заблокирован: 12 алертов,high,blocked
suricata,10.204.197.71,Заблокирован: 12 алертов,high,blocked
suricata,10.221.121.64,Заблокирован: 12 алертов,high,blocked
suricata,10.232.84.37,Заблокирован: 12 алертов,high,blocked
suricata,10.188.151.169,Заблокирован: 12 алертов,high,blocked
suricata,10.201.244.143,Заблокирован: 12 алертов,high,blocked
suricata,10.228.197.186,Заблокирован: 12 алертов,high,blocked
suricata,10.237.35.101,Заблокирован: 12 алертов,high,blocked
suricata,10.241.44.2,Заблокирован: 12 алертов,high,blocked
suricata,10.180.255.67,Заблокирован: 12 алертов,high,blocked
suricata,10.47.3.3,Заблокирован: 12 алертов,high,blocked
suricata,173.241.250.220,Заблокирован: 11 алертов,high,blocked
suricata,151.101.26.49,Заблокирован: 11 алертов,high,blocked
suricata,104.254.150.21,Заблокирован: 11 алертов,high,blocked
suricata,10.10.8.20,Заблокирован: 11 алертов,high,blocked
suricata,10.10.1.8,Заблокирован: 11 алертов,high,blocked
suricata,172.16.21.66,Заблокирован: 11 алертов,high,blocked
suricata,83.228.93.76,Заблокирован: 11 алертов,high,blocked
suricata,69.28.162.128,Заблокирован: 11 алертов,high,blocked
suricata,172.16.26.66,Заблокирован: 11 алертов,high,blocked
suricata,23.194.101.220,Заблокирован: 11 алертов,high,blocked
suricata,10.238.69.196,Заблокирован: 11 алертов,high,blocked
suricata,95.213.143.180,Заблокирован: 11 алертов,high,blocked
suricata,61.240.144.67,Заблокирован: 11 алертов,high,blocked
suricata,10.200.237.159,Заблокирован: 11 алертов,high,blocked
suricata,10.247.19.4,Заблокирован: 11 алертов,high,blocked
suricata,10.202.209.63,Заблокирован: 11 алертов,high,blocked
suricata,10.192.228.31,Заблокирован: 11 алертов,high,blocked
suricata,10.183.96.207,Заблокирован: 11 алертов,high,blocked
suricata,10.250.244.212,Заблокирован: 11 алертов,high,blocked
suricata,10.47.46.26,Заблокирован: 11 алертов,high,blocked
suricata,194.109.206.212,Заблокирован: 11 алертов,high,blocked
suricata,93.186.200.68,Заблокирован: 11 алертов,high,blocked
suricata,204.11.50.131,Заблокирован: 11 алертов,high,blocked
suricata,171.25.193.9,Заблокирован: 11 алертов,high,blocked
suricata,10.132.229.74,Заблокирован: 11 алертов,high,blocked
suricata,10.202.110.29,Заблокирован: 11 алертов,high,blocked
suricata,10.208.79.122,Заблокирован: 11 алертов,high,blocked
suricata,216.239.32.27,Заблокирован: 10 алертов,high,blocked
suricata,104.244.42.2,Заблокирован: 10 алертов,high,blocked
suricata,104.82.65.63,Заблокирован: 10 алертов,high,blocked
suricata,23.244.105.136,Заблокирован: 10 алертов,high,blocked
suricata,104.68.121.25,Заблокирован: 10 алертов,high,blocked
suricata,54.149.117.85,Заблокирован: 10 алертов,high,blocked
suricata,54.245.123.76,Заблокирован: 10 алертов,high,blocked
suricata,216.58.219.34,Заблокирован: 10 алертов,high,blocked
suricata,191.96.128.59,Заблокирован: 10 алертов,high,blocked
suricata,10.232.241.175,Заблокирован: 10 алертов,high,blocked
suricata,216.58.193.194,Заблокирован: 10 алертов,high,blocked
suricata,72.21.91.97,Заблокирован: 10 алертов,high,blocked
suricata,10.10.8.8,Заблокирован: 10 алертов,high,blocked
suricata,23.73.184.243,Заблокирован: 10 алертов,high,blocked
suricata,10.210.59.8,Заблокирован: 10 алертов,high,blocked
suricata,198.27.69.201,Заблокирован: 10 алертов,high,blocked
suricata,31.13.66.2,Заблокирован: 10 алертов,high,blocked
suricata,10.10.1.73,Заблокирован: 10 алертов,high,blocked
suricata,151.101.25.127,Заблокирован: 10 алертов,high,blocked
suricata,10.47.4.153,Заблокирован: 10 алертов,high,blocked
suricata,10.47.4.152,Заблокирован: 10 алертов,high,blocked
suricata,10.47.2.20,Заблокирован: 10 алертов,high,blocked
suricata,10.47.21.1,Заблокирован: 10 алертов,high,blocked
suricata,10.146.125.229,Заблокирован: 10 алертов,high,blocked
suricata,10.193.155.55,Заблокирован: 10 алертов,high,blocked
suricata,131.188.40.189,Заблокирован: 10 алертов,high,blocked
suricata,10.202.243.173,Заблокирован: 10 алертов,high,blocked
suricata,89.46.100.71,Заблокирован: 10 алертов,high,blocked
suricata,10.47.46.213,Заблокирован: 10 алертов,high,blocked
suricata,188.138.33.233,Заблокирован: 10 алертов,high,blocked
suricata,62.138.7.171,Заблокирован: 10 алертов,high,blocked
suricata,131.188.40.188,Заблокирован: 10 алертов,high,blocked
suricata,212.74.233.18,Заблокирован: 10 алертов,high,blocked
suricata,10.10.27.2,Заблокирован: 10 алертов,high,blocked
suricata,10.181.60.128,Заблокирован: 10 алертов,high,blocked
suricata,10.224.131.130,Заблокирован: 10 алертов,high,blocked
suricata,10.227.175.128,Заблокирован: 10 алертов,high,blocked
suricata,198.189.255.222,Заблокирован: 9 алертов,high,blocked
suricata,172.217.4.138,Заблокирован: 9 алертов,high,blocked
suricata,72.21.81.253,Заблокирован: 9 алертов,high,blocked
suricata,93.184.216.180,Заблокирован: 9 алертов,high,blocked
suricata,10.216.148.79,Заблокирован: 9 алертов,high,blocked
suricata,10.229.92.215,Заблокирован: 9 алертов,high,blocked
suricata,10.231.79.174,Заблокирован: 9 алертов,high,blocked
suricata,10.240.75.79,Заблокирован: 9 алертов,high,blocked
suricata,172.16.23.65,Заблокирован: 9 алертов,high,blocked
suricata,104.254.150.58,Заблокирован: 9 алертов,high,blocked
suricata,10.214.44.239,Заблокирован: 9 алертов,high,blocked
suricata,61.240.144.64,Заблокирован: 9 алертов,high,blocked
suricata,45.63.7.209,Заблокирован: 9 алертов,high,blocked
suricata,10.47.26.172,Заблокирован: 9 алертов,high,blocked
suricata,10.47.28.152,Заблокирован: 9 алертов,high,blocked
suricata,10.217.66.233,Заблокирован: 9 алертов,high,blocked
suricata,10.47.25.81,Заблокирован: 9 алертов,high,blocked
suricata,10.243.51.129,Заблокирован: 9 алертов,high,blocked
suricata,10.179.164.13,Заблокирован: 9 алертов,high,blocked
suricata,10.187.14.160,Заблокирован: 9 алертов,high,blocked
suricata,184.26.81.126,Заблокирован: 9 алертов,high,blocked
suricata,10.252.18.63,Заблокирован: 9 алертов,high,blocked
suricata,10.170.29.138,Заблокирован: 9 алертов,high,blocked
suricata,10.137.33.115,Заблокирован: 9 алертов,high,blocked
suricata,10.201.215.52,Заблокирован: 9 алертов,high,blocked
suricata,23.44.162.33,Заблокирован: 9 алертов,high,blocked
suricata,10.47.44.30,Заблокирован: 9 алертов,high,blocked
suricata,10.209.140.136,Заблокирован: 9 алертов,high,blocked
suricata,10.248.139.36,Заблокирован: 9 алертов,high,blocked
suricata,10.212.81.190,Заблокирован: 9 алертов,high,blocked
suricata,10.244.172.21,Заблокирован: 9 алертов,high,blocked
suricata,10.144.254.210,Заблокирован: 9 алертов,high,blocked
suricata,10.255.196.102,Заблокирован: 9 алертов,high,blocked
suricata,10.207.53.48,Заблокирован: 9 алертов,high,blocked
suricata,23.194.103.237,Заблокирован: 8 алертов,high,blocked
suricata,52.32.111.37,Заблокирован: 8 алертов,high,blocked
suricata,54.219.133.241,Заблокирован: 8 алертов,high,blocked
suricata,98.138.47.199,Заблокирован: 8 алертов,high,blocked
suricata,23.194.102.6,Заблокирован: 8 алертов,high,blocked
suricata,185.180.13.16,Заблокирован: 8 алертов,high,blocked
suricata,192.28.147.191,Заблокирован: 8 алертов,high,blocked
suricata,151.101.24.84,Заблокирован: 8 алертов,high,blocked
suricata,10.10.6.20,Заблокирован: 8 алертов,high,blocked
suricata,69.16.175.42,Заблокирован: 8 алертов,high,blocked
suricata,162.208.20.184,Заблокирован: 8 алертов,high,blocked
suricata,104.82.35.161,Заблокирован: 8 алертов,high,blocked
suricata,216.58.219.2,Заблокирован: 8 алертов,high,blocked
suricata,151.101.24.129,Заблокирован: 8 алертов,high,blocked
suricata,151.101.24.65,Заблокирован: 8 алертов,high,blocked
suricata,31.13.70.7,Заблокирован: 8 алертов,high,blocked
suricata,94.31.29.55,Заблокирован: 8 алертов,high,blocked
suricata,216.58.219.10,Заблокирован: 8 алертов,high,blocked
suricata,151.101.24.207,Заблокирован: 8 алертов,high,blocked
suricata,10.250.27.191,Заблокирован: 8 алертов,high,blocked
suricata,10.211.33.150,Заблокирован: 8 алертов,high,blocked
suricata,172.16.24.51,Заблокирован: 8 алертов,high,blocked
suricata,157.240.11.5,Заблокирован: 8 алертов,high,blocked
suricata,93.184.216.16,Заблокирован: 8 алертов,high,blocked
suricata,104.254.150.77,Заблокирован: 8 алертов,high,blocked
suricata,172.16.25.51,Заблокирован: 8 алертов,high,blocked
suricata,23.110.214.106,Заблокирован: 8 алертов,high,blocked
suricata,98.138.49.44,Заблокирован: 8 алертов,high,blocked
suricata,142.234.22.202,Заблокирован: 8 алертов,high,blocked
suricata,23.73.203.227,Заблокирован: 8 алертов,high,blocked
suricata,172.16.36.48,Заблокирован: 8 алертов,high,blocked
suricata,10.10.4.198,Заблокирован: 8 алертов,high,blocked
suricata,10.218.99.121,Заблокирован: 8 алертов,high,blocked
suricata,65.55.138.111,Заблокирован: 8 алертов,high,blocked
suricata,10.211.126.143,Заблокирован: 8 алертов,high,blocked
suricata,8.254.249.110,Заблокирован: 8 алертов,high,blocked
suricata,10.10.7.152,Заблокирован: 8 алертов,high,blocked
suricata,172.16.14.55,Заблокирован: 8 алертов,high,blocked
suricata,10.10.7.132,Заблокирован: 8 алертов,high,blocked
suricata,10.10.5.172,Заблокирован: 8 алертов,high,blocked
suricata,10.10.5.27,Заблокирован: 8 алертов,high,blocked
suricata,10.192.84.100,Заблокирован: 8 алертов,high,blocked
suricata,10.10.8.73,Заблокирован: 8 алертов,high,blocked
suricata,10.10.3.73,Заблокирован: 8 алертов,high,blocked
suricata,167.114.120.106,Заблокирован: 8 алертов,high,blocked
suricata,10.211.81.40,Заблокирован: 8 алертов,high,blocked
suricata,192.168.0.1,Заблокирован: 8 алертов,high,blocked
suricata,184.72.227.197,Заблокирован: 8 алертов,high,blocked
suricata,10.179.142.113,Заблокирован: 8 алертов,high,blocked
suricata,93.184.215.240,Заблокирован: 8 алертов,high,blocked
suricata,10.47.22.1,Заблокирован: 8 алертов,high,blocked
suricata,10.154.196.2,Заблокирован: 8 алертов,high,blocked
suricata,10.211.45.147,Заблокирован: 8 алертов,high,blocked
suricata,10.47.24.1,Заблокирован: 8 алертов,high,blocked
suricata,10.135.249.97,Заблокирован: 8 алертов,high,blocked
suricata,10.191.142.211,Заблокирован: 8 алертов,high,blocked
suricata,10.189.87.126,Заблокирован: 8 алертов,high,blocked
suricata,10.245.67.103,Заблокирован: 8 алертов,high,blocked
suricata,10.144.79.108,Заблокирован: 8 алертов,high,blocked
suricata,10.188.230.170,Заблокирован: 8 алертов,high,blocked
suricata,10.158.31.177,Заблокирован: 8 алертов,high,blocked
suricata,10.173.57.144,Заблокирован: 8 алертов,high,blocked
suricata,10.47.2.200,Заблокирован: 8 алертов,high,blocked
suricata,10.47.8.154,Заблокирован: 8 алертов,high,blocked
suricata,10.47.1.150,Заблокирован: 8 алертов,high,blocked
suricata,10.168.207.34,Заблокирован: 8 алертов,high,blocked
suricata,10.238.212.110,Заблокирован: 8 алертов,high,blocked
suricata,10.235.111.213,Заблокирован: 8 алертов,high,blocked
suricata,10.221.181.122,Заблокирован: 8 алертов,high,blocked
suricata,10.156.98.241,Заблокирован: 8 алертов,high,blocked
suricata,51.255.198.77,Заблокирован: 8 алертов,high,blocked
suricata,10.217.80.34,Заблокирован: 8 алертов,high,blocked
suricata,10.138.189.76,Заблокирован: 8 алертов,high,blocked
suricata,10.236.66.228,Заблокирован: 8 алертов,high,blocked
suricata,10.170.117.57,Заблокирован: 8 алертов,high,blocked
suricata,10.177.203.101,Заблокирован: 8 алертов,high,blocked
suricata,10.135.212.249,Заблокирован: 8 алертов,high,blocked
suricata,10.157.217.145,Заблокирован: 8 алертов,high,blocked
suricata,134.71.3.16,Заблокирован: 8 алертов,high,blocked
suricata,10.47.2.158,Заблокирован: 8 алертов,high,blocked
suricata,10.146.103.128,Заблокирован: 8 алертов,high,blocked
suricata,10.182.252.255,Заблокирован: 8 алертов,high,blocked
suricata,10.10.21.2,Заблокирован: 8 алертов,high,blocked
suricata,10.164.155.59,Заблокирован: 8 алертов,high,blocked
suricata,172.217.5.202,Заблокирован: 7 алертов,high,blocked
suricata,192.240.110.42,Заблокирован: 7 алертов,high,blocked
suricata,151.101.193.69,Заблокирован: 7 алертов,high,blocked
suricata,209.59.187.16,Заблокирован: 7 алертов,high,blocked
suricata,173.241.250.143,Заблокирован: 7 алертов,high,blocked
suricata,23.73.184.73,Заблокирован: 7 алертов,high,blocked
suricata,10.0.0.50,Заблокирован: 7 алертов,high,blocked
suricata,10.194.211.74,Заблокирован: 7 алертов,high,blocked
suricata,10.196.134.76,Заблокирован: 7 алертов,high,blocked
suricata,10.213.217.121,Заблокирован: 7 алертов,high,blocked
suricata,10.10.7.112,Заблокирован: 7 алертов,high,blocked
suricata,10.213.247.169,Заблокирован: 7 алертов,high,blocked
suricata,10.222.180.16,Заблокирован: 7 алертов,high,blocked
suricata,54.190.53.19,Заблокирован: 7 алертов,high,blocked
suricata,10.195.119.216,Заблокирован: 7 алертов,high,blocked
suricata,10.208.54.45,Заблокирован: 7 алертов,high,blocked
suricata,10.10.4.93,Заблокирован: 7 алертов,high,blocked
suricata,10.192.0.99,Заблокирован: 7 алертов,high,blocked
suricata,8.254.230.62,Заблокирован: 7 алертов,high,blocked
suricata,216.146.43.70,Заблокирован: 7 алертов,high,blocked
suricata,172.16.32.14,Заблокирован: 7 алертов,high,blocked
suricata,8.254.243.126,Заблокирован: 7 алертов,high,blocked
suricata,10.247.194.147,Заблокирован: 7 алертов,high,blocked
suricata,10.198.182.172,Заблокирован: 7 алертов,high,blocked
suricata,10.253.90.136,Заблокирован: 7 алертов,high,blocked
suricata,10.10.6.182,Заблокирован: 7 алертов,high,blocked
suricata,10.237.222.46,Заблокирован: 7 алертов,high,blocked
suricata,8.36.120.225,Заблокирован: 7 алертов,high,blocked
suricata,217.195.49.146,Заблокирован: 7 алертов,high,blocked
suricata,10.47.3.30,Заблокирован: 7 алертов,high,blocked
suricata,10.47.2.150,Заблокирован: 7 алертов,high,blocked
suricata,10.47.45.200,Заблокирован: 7 алертов,high,blocked
suricata,10.10.23.1,Заблокирован: 7 алертов,high,blocked
suricata,10.10.22.2,Заблокирован: 7 алертов,high,blocked
suricata,10.128.1.19,Заблокирован: 7 алертов,high,blocked
suricata,85.255.1.158,Заблокирован: 7 алертов,high,blocked
suricata,188.213.170.104,Заблокирован: 7 алертов,high,blocked
suricata,10.140.172.16,Заблокирован: 7 алертов,high,blocked
suricata,10.238.108.108,Заблокирован: 7 алертов,high,blocked
suricata,50.112.255.244,Заблокирован: 6 алертов,high,blocked
suricata,74.119.117.74,Заблокирован: 6 алертов,high,blocked
suricata,192.30.253.113,Заблокирован: 6 алертов,high,blocked
suricata,23.73.201.134,Заблокирован: 6 алертов,high,blocked
suricata,104.20.187.17,Заблокирован: 6 алертов,high,blocked
suricata,213.155.156.184,Заблокирован: 6 алертов,high,blocked
suricata,209.197.3.65,Заблокирован: 6 алертов,high,blocked
suricata,23.227.138.202,Заблокирован: 6 алертов,high,blocked
suricata,5.135.104.98,Заблокирован: 6 алертов,high,blocked
suricata,23.194.101.23,Заблокирован: 6 алертов,high,blocked
suricata,208.71.45.11,Заблокирован: 6 алертов,high,blocked
suricata,98.138.81.73,Заблокирован: 6 алертов,high,blocked
suricata,198.35.26.96,Заблокирован: 6 алертов,high,blocked
suricata,94.31.29.138,Заблокирован: 6 алертов,high,blocked
suricata,54.148.4.246,Заблокирован: 6 алертов,high,blocked
suricata,23.203.226.63,Заблокирован: 6 алертов,high,blocked
suricata,205.185.216.42,Заблокирован: 6 алертов,high,blocked
suricata,52.41.232.228,Заблокирован: 6 алертов,high,blocked
suricata,98.138.81.72,Заблокирован: 6 алертов,high,blocked
suricata,54.244.232.175,Заблокирован: 6 алертов,high,blocked
suricata,151.101.24.175,Заблокирован: 6 алертов,high,blocked
suricata,198.232.125.113,Заблокирован: 6 алертов,high,blocked
suricata,199.15.215.126,Заблокирован: 6 алертов,high,blocked
suricata,198.54.233.82,Заблокирован: 6 алертов,high,blocked
suricata,54.164.10.231,Заблокирован: 6 алертов,high,blocked
suricata,23.194.100.10,Заблокирован: 6 алертов,high,blocked
suricata,172.217.4.162,Заблокирован: 6 алертов,high,blocked
suricata,54.191.25.151,Заблокирован: 6 алертов,high,blocked
suricata,13.84.218.189,Заблокирован: 6 алертов,high,blocked
suricata,50.112.120.140,Заблокирован: 6 алертов,high,blocked
suricata,23.23.117.228,Заблокирован: 6 алертов,high,blocked
suricata,10.239.199.103,Заблокирован: 6 алертов,high,blocked
suricata,151.101.25.67,Заблокирован: 6 алертов,high,blocked
suricata,23.194.100.71,Заблокирован: 6 алертов,high,blocked
suricata,193.224.163.43,Заблокирован: 6 алертов,high,blocked
suricata,10.0.0.140,Заблокирован: 6 алертов,high,blocked
suricata,216.58.216.45,Заблокирован: 6 алертов,high,blocked
suricata,151.101.24.230,Заблокирован: 6 алертов,high,blocked
suricata,10.223.131.1,Заблокирован: 6 алертов,high,blocked
suricata,10.239.52.130,Заблокирован: 6 алертов,high,blocked
suricata,10.216.72.71,Заблокирован: 6 алертов,high,blocked
suricata,104.16.59.5,Заблокирован: 6 алертов,high,blocked
suricata,10.247.91.226,Заблокирован: 6 алертов,high,blocked
suricata,192.0.77.2,Заблокирован: 6 алертов,high,blocked
suricata,10.10.2.205,Заблокирован: 6 алертов,high,blocked
suricata,10.195.0.179,Заблокирован: 6 алертов,high,blocked
suricata,130.211.38.145,Заблокирован: 6 алертов,high,blocked
suricata,104.254.150.4,Заблокирован: 6 алертов,high,blocked
suricata,23.194.103.164,Заблокирован: 6 алертов,high,blocked
suricata,10.212.162.4,Заблокирован: 6 алертов,high,blocked
suricata,104.254.150.79,Заблокирован: 6 алертов,high,blocked
suricata,192.229.163.25,Заблокирован: 6 алертов,high,blocked
suricata,172.16.26.52,Заблокирован: 6 алертов,high,blocked
suricata,10.224.157.194,Заблокирован: 6 алертов,high,blocked
suricata,151.101.24.249,Заблокирован: 6 алертов,high,blocked
suricata,10.233.37.52,Заблокирован: 6 алертов,high,blocked
suricata,10.229.116.174,Заблокирован: 6 алертов,high,blocked
suricata,10.250.65.67,Заблокирован: 6 алертов,high,blocked
suricata,192.0.76.3,Заблокирован: 6 алертов,high,blocked
suricata,94.31.29.250,Заблокирован: 6 алертов,high,blocked
suricata,172.16.23.52,Заблокирован: 6 алертов,high,blocked
suricata,104.254.150.59,Заблокирован: 6 алертов,high,blocked
suricata,37.221.175.143,Заблокирован: 6 алертов,high,blocked
suricata,104.16.159.226,Заблокирован: 6 алертов,high,blocked
suricata,23.194.102.209,Заблокирован: 6 алертов,high,blocked
suricata,72.21.91.17,Заблокирован: 6 алертов,high,blocked
suricata,23.5.251.27,Заблокирован: 6 алертов,high,blocked
suricata,10.250.23.9,Заблокирован: 6 алертов,high,blocked
suricata,172.16.36.14,Заблокирован: 6 алертов,high,blocked
suricata,10.10.5.175,Заблокирован: 6 алертов,high,blocked
suricata,163.172.61.28,Заблокирован: 6 алертов,high,blocked
suricata,172.16.33.48,Заблокирован: 6 алертов,high,blocked
suricata,10.10.2.203,Заблокирован: 6 алертов,high,blocked
suricata,23.203.180.25,Заблокирован: 6 алертов,high,blocked
suricata,151.101.129.69,Заблокирован: 6 алертов,high,blocked
suricata,10.204.198.167,Заблокирован: 6 алертов,high,blocked
suricata,10.218.123.108,Заблокирован: 6 алертов,high,blocked
suricata,10.238.182.21,Заблокирован: 6 алертов,high,blocked
suricata,10.226.141.51,Заблокирован: 6 алертов,high,blocked
suricata,10.234.97.166,Заблокирован: 6 алертов,high,blocked
suricata,10.222.24.195,Заблокирован: 6 алертов,high,blocked
suricata,10.196.61.178,Заблокирован: 6 алертов,high,blocked
suricata,10.239.165.237,Заблокирован: 6 алертов,high,blocked
suricata,10.206.97.194,Заблокирован: 6 алертов,high,blocked
suricata,10.209.61.64,Заблокирован: 6 алертов,high,blocked
suricata,10.206.66.43,Заблокирован: 6 алертов,high,blocked
suricata,10.207.103.34,Заблокирован: 6 алертов,high,blocked
suricata,104.244.43.135,Заблокирован: 6 алертов,high,blocked
suricata,10.250.140.115,Заблокирован: 6 алертов,high,blocked
suricata,216.39.55.12,Заблокирован: 6 алертов,high,blocked
suricata,54.192.139.23,Заблокирован: 6 алертов,high,blocked
suricata,204.11.109.68,Заблокирован: 6 алертов,high,blocked
suricata,54.187.46.173,Заблокирован: 6 алертов,high,blocked
suricata,34.194.58.62,Заблокирован: 6 алертов,high,blocked
suricata,10.10.4.73,Заблокирован: 6 алертов,high,blocked
suricata,10.10.7.73,Заблокирован: 6 алертов,high,blocked
suricata,178.62.47.165,Заблокирован: 6 алертов,high,blocked
suricata,10.47.1.2,Заблокирован: 6 алертов,high,blocked
suricata,10.228.195.105,Заблокирован: 6 алертов,high,blocked
suricata,31.13.65.7,Заблокирован: 6 алертов,high,blocked
suricata,108.160.166.61,Заблокирован: 6 алертов,high,blocked
suricata,91.190.216.26,Заблокирован: 6 алертов,high,blocked
suricata,64.233.165.109,Заблокирован: 6 алертов,high,blocked
suricata,8.249.45.254,Заблокирован: 6 алертов,high,blocked
suricata,172.217.11.78,Заблокирован: 6 алертов,high,blocked
suricata,173.194.167.105,Заблокирован: 6 алертов,high,blocked
suricata,192.41.162.30,Заблокирован: 6 алертов,high,blocked
suricata,10.47.23.1,Заблокирован: 6 алертов,high,blocked
suricata,10.226.150.31,Заблокирован: 6 алертов,high,blocked
suricata,10.143.163.7,Заблокирован: 6 алертов,high,blocked
suricata,10.149.221.194,Заблокирован: 6 алертов,high,blocked
suricata,10.47.1.218,Заблокирован: 6 алертов,high,blocked
suricata,10.10.28.1,Заблокирован: 6 алертов,high,blocked
suricata,10.10.25.1,Заблокирован: 6 алертов,high,blocked
suricata,23.57.1.228,Заблокирован: 6 алертов,high,blocked
suricata,87.106.249.118,Заблокирован: 6 алертов,high,blocked
suricata,5.9.158.75,Заблокирован: 6 алертов,high,blocked
suricata,10.206.144.125,Заблокирован: 6 алертов,high,blocked
suricata,10.212.174.167,Заблокирован: 6 алертов,high,blocked
suricata,10.248.202.62,Заблокирован: 6 алертов,high,blocked
suricata,178.33.40.43,Заблокирован: 6 алертов,high,blocked
suricata,10.181.205.121,Заблокирован: 6 алертов,high,blocked
suricata,92.63.194.33,Заблокирован: 6 алертов,high,blocked
suricata,37.49.231.178,Заблокирован: 6 алертов,high,blocked
suricata,185.53.91.55,Заблокирован: 6 алертов,high,blocked
suricata,23.194.100.23,Заблокирован: 5 алертов,high,blocked
suricata,23.194.100.98,Заблокирован: 5 алертов,high,blocked
suricata,10.10.3.184,Заблокирован: 5 алертов,high,blocked
suricata,10.192.38.140,Заблокирован: 5 алертов,high,blocked
suricata,172.16.21.51,Заблокирован: 5 алертов,high,blocked
suricata,10.243.115.250,Заблокирован: 5 алертов,high,blocked
suricata,10.208.71.59,Заблокирован: 5 алертов,high,blocked
suricata,10.210.208.219,Заблокирован: 5 алертов,high,blocked
suricata,8.253.44.206,Заблокирован: 5 алертов,high,blocked
suricata,10.208.110.190,Заблокирован: 5 алертов,high,blocked
suricata,10.239.160.64,Заблокирован: 5 алертов,high,blocked
suricata,37.221.175.133,Заблокирован: 5 алертов,high,blocked
suricata,10.234.254.246,Заблокирован: 5 алертов,high,blocked
suricata,10.197.166.22,Заблокирован: 5 алертов,high,blocked
suricata,10.218.156.149,Заблокирован: 5 алертов,high,blocked
suricata,10.197.64.182,Заблокирован: 5 алертов,high,blocked
suricata,10.212.131.33,Заблокирован: 5 алертов,high,blocked
suricata,10.237.235.19,Заблокирован: 5 алертов,high,blocked
suricata,107.178.254.65,Заблокирован: 5 алертов,high,blocked
suricata,10.220.115.234,Заблокирован: 5 алертов,high,blocked
suricata,37.221.175.142,Заблокирован: 5 алертов,high,blocked
suricata,207.38.110.62,Заблокирован: 5 алертов,high,blocked
suricata,10.230.191.80,Заблокирован: 5 алертов,high,blocked
suricata,10.247.21.169,Заблокирован: 5 алертов,high,blocked
suricata,172.16.26.51,Заблокирован: 5 алертов,high,blocked
suricata,199.91.154.153,Заблокирован: 5 алертов,high,blocked
suricata,10.222.111.158,Заблокирован: 5 алертов,high,blocked
suricata,10.248.14.225,Заблокирован: 5 алертов,high,blocked
suricata,10.243.62.162,Заблокирован: 5 алертов,high,blocked
suricata,172.16.24.65,Заблокирован: 5 алертов,high,blocked
suricata,216.58.219.48,Заблокирован: 5 алертов,high,blocked
suricata,172.16.25.65,Заблокирован: 5 алертов,high,blocked
suricata,172.16.23.66,Заблокирован: 5 алертов,high,blocked
suricata,172.16.28.65,Заблокирован: 5 алертов,high,blocked
suricata,172.16.24.52,Заблокирован: 5 алертов,high,blocked
suricata,10.208.80.62,Заблокирован: 5 алертов,high,blocked
suricata,10.214.182.190,Заблокирован: 5 алертов,high,blocked
suricata,104.254.148.20,Заблокирован: 5 алертов,high,blocked
suricata,67.220.182.18,Заблокирован: 5 алертов,high,blocked
suricata,10.241.103.253,Заблокирован: 5 алертов,high,blocked
suricata,10.234.47.241,Заблокирован: 5 алертов,high,blocked
suricata,172.16.37.48,Заблокирован: 5 алертов,high,blocked
suricata,10.245.217.98,Заблокирован: 5 алертов,high,blocked
suricata,10.246.70.32,Заблокирован: 5 алертов,high,blocked
suricata,10.199.244.119,Заблокирован: 5 алертов,high,blocked
suricata,10.214.245.214,Заблокирован: 5 алертов,high,blocked
suricata,10.237.190.136,Заблокирован: 5 алертов,high,blocked
suricata,10.255.113.254,Заблокирован: 5 алертов,high,blocked
suricata,10.198.182.149,Заблокирован: 5 алертов,high,blocked
suricata,10.231.130.14,Заблокирован: 5 алертов,high,blocked
suricata,10.238.49.117,Заблокирован: 5 алертов,high,blocked
suricata,10.222.47.105,Заблокирован: 5 алертов,high,blocked
suricata,54.197.238.119,Заблокирован: 5 алертов,high,blocked
suricata,10.238.55.249,Заблокирован: 5 алертов,high,blocked
suricata,10.10.5.122,Заблокирован: 5 алертов,high,blocked
suricata,10.237.171.147,Заблокирован: 5 алертов,high,blocked
suricata,10.224.165.187,Заблокирован: 5 алертов,high,blocked
suricata,38.117.98.196,Заблокирован: 5 алертов,high,blocked
suricata,103.10.197.187,Заблокирован: 5 алертов,high,blocked
suricata,108.160.166.189,Заблокирован: 5 алертов,high,blocked
suricata,80.239.237.10,Заблокирован: 5 алертов,high,blocked
suricata,69.16.175.10,Заблокирован: 5 алертов,high,blocked
suricata,10.47.7.20,Заблокирован: 5 алертов,high,blocked
suricata,10.174.185.23,Заблокирован: 5 алертов,high,blocked
suricata,10.47.3.250,Заблокирован: 5 алертов,high,blocked
suricata,10.243.226.28,Заблокирован: 5 алертов,high,blocked
suricata,10.10.13.2,Заблокирован: 5 алертов,high,blocked
suricata,10.255.234.207,Заблокирован: 5 алертов,high,blocked
suricata,10.47.28.164,Заблокирован: 5 алертов,high,blocked
suricata,10.47.5.150,Заблокирован: 5 алертов,high,blocked
suricata,10.47.5.152,Заблокирован: 5 алертов,high,blocked
suricata,10.47.41.68,Заблокирован: 5 алертов,high,blocked
suricata,10.47.42.200,Заблокирован: 5 алертов,high,blocked
suricata,86.59.21.38,Заблокирован: 5 алертов,high,blocked
suricata,10.253.172.70,Заблокирован: 5 алертов,high,blocked
suricata,5.39.33.178,Заблокирован: 5 алертов,high,blocked
suricata,193.35.52.53,Заблокирован: 5 алертов,high,blocked
suricata,51.15.76.56,Заблокирован: 5 алертов,high,blocked
suricata,104.238.188.98,Заблокирован: 5 алертов,high,blocked
suricata,148.251.221.163,Заблокирован: 5 алертов,high,blocked
suricata,89.221.214.243,Заблокирован: 5 алертов,high,blocked
suricata,10.47.23.168,Заблокирован: 5 алертов,high,blocked
vulners,45812683CEA60D9CC6817DBE36D23E729263EB6EDD74EEA214275620D34EDC74,Security Bulletin: IBM Security Network Intrusion Prevention System can be affec,critical,patch
vulners,80059C26C684AFED14BFC07E4FD24B5365959C9A162553498049012FEFBCF90E,Security Bulletin: IBM Security Network Intrusion Prevention System is affected ,critical,patch
vulners,0840225027FABDA459826FFEB2567F962694C590B4289850C4F762651A17B943,Security Bulletin: A vulnerability in OpenSSH affects IBM Security Network Intru,critical,patch
vulners,25F9401AD2BF8D82B27B14CE6A584C356502773C2762955A427C46938A172EE1,Security Bulletin: Vulnerabilities in unzip affect IBM Security Network Intrusio,critical,patch
vulners,62699243F13608A014B52BC4C1F8BC188D617A0752C1A98F1E8CDB722F068C0E,Security Bulletin: Libxml2 vulnerabilities in Network Intrusion Prevention Syste,critical,patch
vulners,FC3C8A4D89548BC6C0769DD58587A1E5E52E0FFAD423B142F389955568A0814E,Security Bulletin: Network Intrusion Prevention System is affected by curl and p,critical,patch
vulners,7C51F287AE5EB7BF0D2FCB3EE718675AAC64D70CBDBE4FB433F5412B5AC19C41,Security Bulletin: Network Intrusion Prevention System is affected by multiple O,critical,patch
vulners,FAF1E42F5C82479C048926996BC2931828D3108E68118BD5716CEF9D5D410444,Security Bulletin: A vulnerability in net-snmp affects IBM Security Network Intr,critical,patch
vulners,C83F675C530B12620988F0C65F58B32931125E0012C4B7C771823623ECB73255,Security Bulletin: Multiple vulnerabilities in OpenSSL affect IBM Security Netwo,critical,patch
vulners,4F553517AF5D2CC17F37F8C3126C4F05ABBFAC6B230325132DA25AAF70E8D257,Security Bulletin: Network Intrusion Prevention System is affected by multiple D,medium,review
vulners,224C61EA46BAB314366E323DC6C09EB23AE3E6F9663DAB5098D63BB19C5269E3,Security Bulletin: Network Intrusion Prevention System is affected by multiple A,medium,review
vulners,C99AB9FB9389FE23659D18E25DF69F2E655C7F4069334DD38DC826EAF788536D,Security Bulletin: A vulnerability in net-snmp affects IBM Security Network Intr,medium,review
vulners,BF45A05E541DA6D7AD87C9473C87FDE2BF3251E2F12CF3D3A1C3E5A8ECEEC8BA,Security Bulletin: IBM Security Network Intrusion Prevention System is affected ,medium,review
vulners,0D31C57FEF4D3DABC5FF3ED6B9A2F717F5AF4498A9172576992B0DA28D1BB88E,Security Bulletin:  IBM Security Network Intrusion Prevention System is affected,medium,review
vulners,19381B596DDAD25AEF97114618D93152FBDFB2C07A0F4F692E852D691167F676,Security Bulletin: Vulnerability in RC4 stream cipher affects IBM Security Netwo,medium,review
vulners,4C634C284BD54453EDF86F87DC5CD62853248F0BDE7951DCBDA064BBEAF116C9,Security Bulletin: Vulnerabilities in curl affect IBM Security Network Intrusion,medium,review
vulners,370720DD138E7F0A22E9D2EC7B9B753467F08D4E08DA37215653D937EDB0E545,Security Bulletin: Vulnerabilities in OpenSSL affect IBM Security Network Intrus,medium,review
vulners,D25B9445FC278E9407AC074178FCC8A8B13B7AC4E61B4181E2C34AE764EF75D1,Security Bulletin:  A vulnerability in Diffie-Hellman ciphers affects IBM Securi,medium,review
vulners,EC3E23A99CFAAD88B2FA49B712651D754EE84446F6DFEB6CC3571A65A744E234,Security Bulletin: Vulnerability in SSLv3 affects IBM Security Network Intrusion,medium,review
vulners,0719597A75ABE87070122CE5F544A0FBBA550F1DFE27F4BC0260AB12ED4CE574,Security Bulletin: A vulnerability in sudo affects IBM Security Network Intrusio,medium,review
